{
  "read_user_probs": {
    "1 метка": [
      1.0,
      1.0,
      1.0,
      1.0,
      1.0,
      1.0,
      0.998,
      0.993,
      0.929,
      0.851
    ],
    "5 \u043c\u0435\u0442\u043e\u043a": [
      1.0,
      1.0,
      1.0,
      0.999,
      0.984,
      0.965,
      0.908,
      0.802,
      0.615,
      0.512
    ],
    "15 \u043c\u0435\u0442\u043e\u043a": [
      0.911,
      0.855,
      0.843,
      0.809,
      0.734,
      0.67,
      0.565,
      0.445,
      0.292,
      0.227
    ],
    "25 \u043c\u0435\u0442\u043e\u043a": [
      0.654,
      0.64,
      0.573,
      0.541,
      0.503,
      0.421,
      0.367,
      0.287,
      0.185,
      0.136
    ]
  },
  "collision_counts": {
    "1 \u043c\u0435\u0442\u043e\u043a": [
      0.0,
      0.0,
      0.0,
      0.0,
      0.0,
      0.0,
      0.0,
      0.0,
      0.0,
      0.0
    ],
    "5 \u043c\u0435\u0442\u043e\u043a": [
      0.178,
      0.276,
      0.371,
      0.463,
      0.5,
      0.597,
      0.651,
      0.663,
      0.763,
      0.728
    ],
    "15 \u043c\u0435\u0442\u043e\u043a": [
      0.269,
      0.313,
      0.425,
      0.494,
      0.612,
      0.598,
      0.748,
      0.751,
      0.917,
      0.902
    ],
    "25 \u043c\u0435\u0442\u043e\u043a": [
      0.278,
      0.366,
      0.441,
      0.593,
      0.652,
      0.686,
      0.758,
      0.781,
      0.908,
      1.026
    ]
  },
  "rounds_count": {
    "1 \u043c\u0435\u0442\u043e\u043a": [
      10.429,
      13.159,
      15.556,
      17.686,
      19.428,
      21.2,
      22.77,
      24.261,
      25.602,
      26.861
    ],
    "5 \u043c\u0435\u0442\u043e\u043a": [
      5.422,
      5.976,
      6.28,
      6.576,
      6.841,
      7.173,
      7.523,
      7.864,
      8.475,
      8.799
    ],
    "15 \u043c\u0435\u0442\u043e\u043a": [
      2.549,
      2.694,
      2.814,
      2.972,
      3.127,
      3.199,
      3.453,
      3.597,
      3.972,
      4.063
    ],
    "25 \u043c\u0435\u0442\u043e\u043a": [
      1.894,
      2.018,
      2.123,
      2.304,
      2.442,
      2.468,
      2.592,
      2.76,
      3.007,
      3.209
    ]
  },
  "times_count": {
    "1 метка": [
      0.058732283230180336,
      0.06325104607101618,
      0.0681467000521117,
      0.07533094330096647,
      0.08570873827191898,
      0.09881025444897383,
      0.12361079843061026,
      0.15783308369872245,
      0.21959841419899526,
      0.2621025574007135
    ],
    "5 \u043c\u0435\u0442\u043e\u043a": [
      0.09535884094380664,
      0.11979964816064273,
      0.14435405973335352,
      0.16889537639427077,
      0.19630944130422226,
      0.23184778893509816,
      0.2668601796905796,
      0.3238037469922611,
      0.35285807562549915,
      0.36842190754354565
    ],
    "15 \u043c\u0435\u0442\u043e\u043a": [
      0.1888168322662928,
      0.2260024554954996,
      0.27578159276056746,
      0.3057936287224208,
      0.342407765097383,
      0.3711224918832777,
      0.3877682368707275,
      0.4249679008205894,
      0.4414754585989004,
      0.43177608264488626
    ],
    "25 \u043c\u0435\u0442\u043e\u043a": [
      0.22677214494323633,
      0.2732376131063858,
      0.31588297155876677,
      0.3441361249997408,
      0.3700616548642836,
      0.4042004267194681,
      0.42186435335343075,
      0.46041177258035704,
      0.4697212503202434,
      0.4467456795772897
    ]
  }
}