{
  "read_user_probs": {
    "1 \u043c\u0435\u0442\u043e\u043a": [
      1.0,
      0.9993333333333333,
      0.987,
      0.9243333333333333,
      0.8215,
      0.6963333333333334,
      0.5528333333333333,
      0.43266666666666664,
      0.3338333333333333,
      0.24966666666666668,
      0.20966666666666667,
      0.1555,
      0.11533333333333333,
      0.10116666666666667,
      0.07533333333333334,
      0.056666666666666664
    ],
    "5 \u043c\u0435\u0442\u043e\u043a": [
      0.9946666666666667,
      0.9313333333333333,
      0.7896666666666666,
      0.6103333333333333,
      0.4528333333333333,
      0.3328333333333333,
      0.2455,
      0.17583333333333334,
      0.12866666666666668,
      0.0995,
      0.07416666666666667,
      0.051,
      0.0395,
      0.030666666666666665,
      0.025333333333333333,
      0.019333333333333334
    ],
    "15 \u043c\u0435\u0442\u043e\u043a": [
      0.8551666666666666,
      0.6436666666666667,
      0.436,
      0.2856666666666667,
      0.19316666666666665,
      0.14133333333333334,
      0.09433333333333334,
      0.06783333333333333,
      0.04783333333333333,
      0.034833333333333334,
      0.025166666666666667,
      0.022,
      0.0195,
      0.009833333333333333,
      0.007333333333333333,
      0.0045
    ],
    "25 \u043c\u0435\u0442\u043e\u043a": [
      0.6771666666666667,
      0.44216666666666665,
      0.27466666666666667,
      0.18233333333333332,
      0.1245,
      0.08383333333333333,
      0.058,
      0.0405,
      0.0295,
      0.020833333333333332,
      0.014,
      0.0105,
      0.0085,
      0.006666666666666667,
      0.004166666666666667,
      0.0033333333333333335
    ]
  },
  "collision_counts": {
    "1 \u043c\u0435\u0442\u043e\u043a": [
      0.0,
      0.0,
      0.0,
      0.0,
      0.0,
      0.0,
      0.0,
      0.0,
      0.0,
      0.0,
      0.0,
      0.0,
      0.0,
      0.0,
      0.0,
      0.0
    ],
    "5 \u043c\u0435\u0442\u043e\u043a": [
      1.3248333333333333,
      1.0638333333333334,
      0.8656666666666667,
      0.7585,
      0.6645,
      0.5733333333333334,
      0.5433333333333333,
      0.477,
      0.3938333333333333,
      0.39366666666666666,
      0.3531666666666667,
      0.3565,
      0.2896666666666667,
      0.27066666666666667,
      0.28983333333333333,
      0.2663333333333333
    ],
    "15 \u043c\u0435\u0442\u043e\u043a": [
      1.6336666666666666,
      1.2661666666666667,
      1.0565,
      0.865,
      0.743,
      0.6236666666666667,
      0.5955,
      0.5083333333333333,
      0.4685,
      0.4535,
      0.4241666666666667,
      0.38266666666666665,
      0.3536666666666667,
      0.354,
      0.33,
      0.29933333333333334
    ],
    "25 \u043c\u0435\u0442\u043e\u043a": [
      1.746,
      1.4056666666666666,
      1.1213333333333333,
      0.9605,
      0.8488333333333333,
      0.7515,
      0.6635,
      0.6166666666666667,
      0.5326666666666666,
      0.5036666666666667,
      0.49283333333333335,
      0.43433333333333335,
      0.4181666666666667,
      0.3915,
      0.39466666666666667,
      0.37866666666666665
    ]
  },
  "rounds_count": {
    "1 \u043c\u0435\u0442\u043e\u043a": [
      34.059666666666665,
      30.568,
      27.835333333333335,
      25.607666666666667,
      23.7555,
      22.18016666666667,
      20.907666666666668,
      19.6995,
      18.639166666666668,
      17.727,
      16.963166666666666,
      16.22533333333333,
      15.5975,
      14.939333333333334,
      14.395833333333334,
      13.867
    ],
    "5 \u043c\u0435\u0442\u043e\u043a": [
      13.962,
      11.3655,
      9.589833333333333,
      8.3775,
      7.413833333333334,
      6.685,
      6.0595,
      5.540166666666667,
      5.1081666666666665,
      4.746833333333333,
      4.469333333333333,
      4.190333333333333,
      3.9076666666666666,
      3.7115,
      3.568,
      3.4426666666666668
    ],
    "15 \u043c\u0435\u0442\u043e\u043a": [
      6.647833333333334,
      5.316833333333333,
      4.469,
      3.8543333333333334,
      3.3925,
      3.0925,
      2.8265,
      2.54,
      2.4206666666666665,
      2.3055,
      2.1926666666666668,
      2.101,
      1.9831666666666667,
      1.9081666666666666,
      1.8748333333333334,
      1.7723333333333333
    ],
    "25 \u043c\u0435\u0442\u043e\u043a": [
      4.946833333333333,
      4.058166666666667,
      3.397,
      2.999,
      2.6468333333333334,
      2.425333333333333,
      2.2441666666666666,
      2.1388333333333334,
      2.0073333333333334,
      1.9271666666666667,
      1.8365,
      1.7405,
      1.6273333333333333,
      1.5791666666666666,
      1.5776666666666668,
      1.4846666666666666
    ]
  },
  "times_count": {
    "1 метка": [
      0.07172234848857933,
      0.11195392527005618,
      0.1614458862616973,
      0.21729964954790354,
      0.2703114274308971,
      0.3152673374026485,
      0.35564598424319344,
      0.38265068820012,
      0.399212673471774,
      0.4177394375401937,
      0.42805555291348285,
      0.4360378442751208,
      0.44418367743262493,
      0.45221388323022316,
      0.4496829722428432,
      0.4488514148651165
    ],
    "5 \u043c\u0435\u0442\u043e\u043a": [
      0.1609501814149548,
      0.23731246678628565,
      0.3064868125229525,
      0.36019496272085366,
      0.393059178874501,
      0.41318231411521766,
      0.43421845379950297,
      0.4328399705198279,
      0.4411996626313259,
      0.4521430442612585,
      0.4558147354131891,
      0.4572539201703931,
      0.4540466453393072,
      0.4576370059559868,
      0.4767369723164532,
      0.45445225087269436
    ],
    "15 \u043c\u0435\u0442\u043e\u043a": [
      0.3009074007328395,
      0.3767276033382648,
      0.41438960943761394,
      0.4405114909359376,
      0.4536376073043796,
      0.4550782811055346,
      0.46391248197837964,
      0.4849774647176889,
      0.48082828150393403,
      0.4790184931954856,
      0.48011731461085433,
      0.4894689408587443,
      0.49403274309456097,
      0.5035907224949641,
      0.46925326142006624,
      0.507753993112577
    ],
    "25 \u043c\u0435\u0442\u043e\u043a": [
      0.3672161492603683,
      0.42972739243637065,
      0.44761698875425115,
      0.4657722049820203,
      0.4704569706181717,
      0.48899753216293856,
      0.4929608578282744,
      0.48566572347422904,
      0.49758379459558916,
      0.4784129165026789,
      0.5171931510434639,
      0.5089012381033142,
      0.49199977696281016,
      0.5109846421899407,
      0.4775008425062191,
      0.46851932812640856
    ]
  }
}