{
  "Высота полёта = 1 м": [
    0.9986666666666667,
    1.0,
    1.0,
    0.9986666666666667,
    1.0,
    1.0,
    1.0,
    1.0,
    1.0,
    1.0,
    1.0,
    1.0,
    1.0,
    1.0,
    1.0,
    1.0,
    1.0,
    1.0,
    1.0,
    1.0,
    1.0,
    1.0,
    1.0,
    1.0,
    1.0,
    1.0
  ],
  "Высота полёта = 3 м": [
    0.33866666666666667,
    0.5426666666666666,
    0.7066666666666667,
    0.768,
    0.8613333333333333,
    0.8813333333333333,
    0.9226666666666666,
    0.9413333333333334,
    0.968,
    0.98,
    0.992,
    0.9933333333333333,
    0.9986666666666667,
    0.9973333333333333,
    0.9973333333333333,
    1.0,
    0.9986666666666667,
    1.0,
    1.0,
    1.0,
    1.0,
    1.0,
    1.0,
    1.0,
    1.0,
    1.0
  ],
  "Высота полёта = 5 м": [
    0.0,
    0.0,
    0.0,
    0.0,
    0.0,
    0.0,
    0.0,
    0.0,
    0.0,
    0.11466666666666667,
    0.168,
    0.25466666666666665,
    0.304,
    0.3893333333333333,
    0.464,
    0.5706666666666667,
    0.6466666666666666,
    0.7266666666666667,
    0.7893333333333333,
    0.8453333333333334,
    0.9,
    0.9466666666666667,
    0.9506666666666667,
    0.968,
    0.9813333333333333,
    0.9813333333333333
  ],
  "Высота полёта = 7 м": [
    0.0,
    0.0,
    0.0,
    0.0,
    0.0,
    0.0,
    0.0,
    0.0,
    0.0,
    0.0,
    0.0,
    0.0,
    0.0,
    0.0,
    0.0013333333333333333,
    0.017333333333333333,
    0.02,
    0.056,
    0.07066666666666667,
    0.14133333333333334,
    0.168,
    0.22533333333333333,
    0.30533333333333335,
    0.4146666666666667,
    0.468,
    0.5626666666666666
  ]
}