{
  "MFM0_Tari6.25": [
    0.28888888888888886,
    0.2111111111111111,
    0.2222222222222222,
    0.16666666666666666,
    0.1111111111111111,
    0.1,
    0.06666666666666667,
    0.1,
    0.07777777777777778,
    0.05555555555555555,
    0.07777777777777778,
    0.011111111111111112,
    0.05555555555555555,
    0.06666666666666667,
    0.06666666666666667,
    0.011111111111111112,
    0.08888888888888889,
    0.044444444444444446,
    0.03333333333333333,
    0.08888888888888889,
    0.022222222222222223,
    0.011111111111111112,
    0.044444444444444446,
    0.022222222222222223,
    0.03333333333333333,
    0.022222222222222223,
    0.022222222222222223
  ],
  "MFM0_Tari18.75": [
    0.9222222222222223,
    0.8666666666666667,
    0.8444444444444444,
    0.9,
    0.8222222222222222,
    0.8,
    0.7666666666666667,
    0.7444444444444445,
    0.6444444444444445,
    0.6666666666666666,
    0.6222222222222222,
    0.5,
    0.5444444444444444,
    0.4222222222222222,
    0.4888888888888889,
    0.4111111111111111,
    0.45555555555555555,
    0.4,
    0.4222222222222222,
    0.36666666666666664,
    0.36666666666666664,
    0.3333333333333333,
    0.3111111111111111,
    0.26666666666666666,
    0.24444444444444444,
    0.2222222222222222,
    0.32222222222222224
  ],
  "MM2_Tari12.5": [
    1.0,
    0.9666666666666667,
    0.9888888888888889,
    0.9666666666666667,
    0.9555555555555556,
    0.9555555555555556,
    0.9,
    0.8888888888888888,
    0.7777777777777778,
    0.9222222222222223,
    0.7888888888888889,
    0.7777777777777778,
    0.7888888888888889,
    0.8222222222222222,
    0.7444444444444445,
    0.5555555555555556,
    0.6666666666666666,
    0.5777777777777777,
    0.5444444444444444,
    0.6666666666666666,
    0.5444444444444444,
    0.6111111111111112,
    0.5888888888888889,
    0.5222222222222223,
    0.5444444444444444,
    0.5222222222222223,
    0.4777777777777778
  ],
  "MM4_Tari6.25": [
    0.9888888888888889,
    0.9888888888888889,
    0.9888888888888889,
    0.9888888888888889,
    0.9777777777777777,
    0.9555555555555556,
    0.9444444444444444,
    0.9444444444444444,
    0.9111111111111111,
    0.8555555555555555,
    0.8444444444444444,
    0.8666666666666667,
    0.8111111111111111,
    0.7222222222222222,
    0.8,
    0.7222222222222222,
    0.7111111111111111,
    0.7111111111111111,
    0.6777777777777778,
    0.6333333333333333,
    0.7111111111111111,
    0.6666666666666666,
    0.5888888888888889,
    0.6333333333333333,
    0.6222222222222222,
    0.6111111111111112,
    0.5666666666666667
  ],
  "MM8_Tari25.0": [
    0.9666666666666667,
    0.9777777777777777,
    0.9888888888888889,
    1.0,
    0.9777777777777777,
    0.9666666666666667,
    0.9888888888888889,
    0.9888888888888889,
    0.9777777777777777,
    0.9222222222222223,
    0.9555555555555556,
    0.9111111111111111,
    0.9444444444444444,
    0.9,
    0.9333333333333333,
    0.8666666666666667,
    0.9,
    0.8555555555555555,
    0.7666666666666667,
    0.8444444444444444,
    0.7777777777777778,
    0.7666666666666667,
    0.6666666666666666,
    0.7222222222222222,
    0.6,
    0.7444444444444445,
    0.7
  ]
}