{
  "Input parameters list": [
    {
      "tari": 12.5,
      "encoding": "M2",
      "tid_word_size": 64,
      "power": 29.0,
      "num_tags": 2000,
      "speed": 25.0,
      "reader_offset": 2.0,
      "tag_offset": 2.0,
      "useadjust": false,
      "generation_interval": [
        "<function generation_interval at 0x10d376f20>",
        0.9696482412060302
      ],
      "label": "1 \u043c\u0435\u0442\u043e\u043a",
      "q": 5
    },
    {
      "tari": 12.5,
      "encoding": "M2",
      "tid_word_size": 64,
      "power": 29.0,
      "num_tags": 2000,
      "speed": 25.0,
      "reader_offset": 2.0,
      "tag_offset": 2.0,
      "useadjust": false,
      "generation_interval": [
        "<function generation_interval at 0x10d376f20>",
        0.19392964824120604
      ],
      "label": "5 \u043c\u0435\u0442\u043e\u043a",
      "q": 5
    },
    {
      "tari": 12.5,
      "encoding": "M2",
      "tid_word_size": 64,
      "power": 29.0,
      "num_tags": 2000,
      "speed": 25.0,
      "reader_offset": 2.0,
      "tag_offset": 2.0,
      "useadjust": false,
      "generation_interval": [
        "<function generation_interval at 0x10d376f20>",
        0.06464321608040201
      ],
      "label": "15 \u043c\u0435\u0442\u043e\u043a",
      "q": 5
    },
    {
      "tari": 12.5,
      "encoding": "M2",
      "tid_word_size": 64,
      "power": 29.0,
      "num_tags": 2000,
      "speed": 25.0,
      "reader_offset": 2.0,
      "tag_offset": 2.0,
      "useadjust": false,
      "generation_interval": [
        "<function generation_interval at 0x10d376f20>",
        0.03878592964824121
      ],
      "label": "25 \u043c\u0435\u0442\u043e\u043a",
      "q": 5
    }
  ],
  "Results": {
    "rounds_count": {
      "1 \u043c\u0435\u0442\u043e\u043a": [
        10.3855,
        13.245,
        15.64,
        17.6455,
        19.519,
        21.1755,
        22.772,
        24.1625,
        25.6375,
        26.7805
      ],
      "5 \u043c\u0435\u0442\u043e\u043a": [
        5.4445,
        5.989,
        6.3035,
        6.587,
        6.832,
        7.1795,
        7.4645,
        7.814,
        8.3965,
        8.8515
      ],
      "15 \u043c\u0435\u0442\u043e\u043a": [
        2.531,
        2.6975,
        2.8755,
        3.0355,
        3.1315,
        3.2715,
        3.437,
        3.6405,
        3.853,
        4.0755
      ],
      "25 \u043c\u0435\u0442\u043e\u043a": [
        1.88,
        1.992,
        2.1885,
        2.292,
        2.35,
        2.4755,
        2.612,
        2.8365,
        2.9445,
        3.1795
      ]
    },
    "inventory_probs": {
      "1 \u043c\u0435\u0442\u043e\u043a": [
        1.0,
        1.0,
        1.0,
        1.0,
        1.0,
        1.0,
        1.0,
        1.0,
        1.0,
        1.0
      ],
      "5 \u043c\u0435\u0442\u043e\u043a": [
        1.0,
        1.0,
        1.0,
        1.0,
        1.0,
        1.0,
        1.0,
        0.9995,
        0.999,
        0.999
      ],
      "15 \u043c\u0435\u0442\u043e\u043a": [
        0.9505,
        0.944,
        0.9315,
        0.927,
        0.914,
        0.9205,
        0.9085,
        0.9065,
        0.8895,
        0.889
      ],
      "25 \u043c\u0435\u0442\u043e\u043a": [
        0.737,
        0.7395,
        0.723,
        0.714,
        0.716,
        0.7075,
        0.703,
        0.678,
        0.6815,
        0.6715
      ]
    },
    "read_user_probs": {
      "1 \u043c\u0435\u0442\u043e\u043a": [
        1.0,
        1.0,
        1.0,
        1.0,
        1.0,
        1.0,
        0.9985,
        0.996,
        0.9245,
        0.8555
      ],
      "5 \u043c\u0435\u0442\u043e\u043a": [
        1.0,
        0.9995,
        0.9985,
        0.9965,
        0.988,
        0.9655,
        0.9075,
        0.8135,
        0.6105,
        0.4795
      ],
      "15 \u043c\u0435\u0442\u043e\u043a": [
        0.902,
        0.874,
        0.842,
        0.788,
        0.741,
        0.6595,
        0.549,
        0.425,
        0.3005,
        0.212
      ],
      "25 \u043c\u0435\u0442\u043e\u043a": [
        0.6435,
        0.6365,
        0.581,
        0.558,
        0.502,
        0.442,
        0.352,
        0.2835,
        0.1915,
        0.1245
      ]
    },
    "times_count": {
      "1 \u043c\u0435\u0442\u043e\u043a": [
        0.05896150749638737,
        0.06313068194343667,
        0.06788466614006626,
        0.07474632813743526,
        0.08531781938750346,
        0.10032605801474945,
        0.12448108005537406,
        0.15647830901420692,
        0.21866706205928832,
        0.26701036143648366
      ],
      "5 \u043c\u0435\u0442\u043e\u043a": [
        0.09555624747891092,
        0.11935481080629122,
        0.1443712937393816,
        0.1699414633728387,
        0.19553718360071162,
        0.2301843222502464,
        0.2707112106876399,
        0.31153588584505726,
        0.35435959184405535,
        0.3706435706167222
      ],
      "15 \u043c\u0435\u0442\u043e\u043a": [
        0.18711672708432406,
        0.23344052936669268,
        0.2705724775286518,
        0.30581520339470564,
        0.33187636349302785,
        0.3683520754792024,
        0.3961129242214589,
        0.4338362722375935,
        0.4508791883601376,
        0.43667988918956313
      ],
      "25 \u043c\u0435\u0442\u043e\u043a": [
        0.22262776899644565,
        0.27705765410813904,
        0.310493554940021,
        0.34235498792994457,
        0.38045332051034236,
        0.40637967792260216,
        0.4242746492189988,
        0.4498979848825433,
        0.45990665741913916,
        0.4586623167777919
      ]
    },
    "collision_counts": {
      "1 \u043c\u0435\u0442\u043e\u043a": [
        0.0,
        0.0,
        0.0,
        0.0,
        0.0,
        0.0,
        0.0,
        0.0,
        0.0,
        0.0
      ],
      "5 \u043c\u0435\u0442\u043e\u043a": [
        0.193,
        0.321,
        0.373,
        0.493,
        0.477,
        0.609,
        0.6165,
        0.643,
        0.7565,
        0.7595
      ],
      "15 \u043c\u0435\u0442\u043e\u043a": [
        0.2655,
        0.345,
        0.44,
        0.553,
        0.6,
        0.677,
        0.7065,
        0.8025,
        0.848,
        0.915
      ],
      "25 \u043c\u0435\u0442\u043e\u043a": [
        0.314,
        0.342,
        0.4585,
        0.576,
        0.6095,
        0.725,
        0.7615,
        0.9245,
        0.9475,
        0.9945
      ]
    },
    "execution_times": {
      "1 \u043c\u0435\u0442\u043e\u043a": [
        144.32810870796675,
        141.81954616698204,
        139.8248044999782,
        138.1965367079829,
        138.88343687501037,
        139.7512237080373,
        140.4367535840138,
        141.08068091596942,
        142.1740264170221,
        144.12180004204856
      ],
      "5 \u043c\u0435\u0442\u043e\u043a": [
        61.42111579095945,
        62.105195082956925,
        62.07445837499108,
        62.91750066698296,
        64.11552795901662,
        63.62181033298839,
        64.1896207499667,
        65.26329366699792,
        65.75645325001096,
        66.70464991702465
      ],
      "15 \u043c\u0435\u0442\u043e\u043a": [
        56.448963375005405,
        56.17197900003521,
        57.81575354200322,
        57.304479166981764,
        57.39216220797971,
        58.43880349997198,
        58.70898108399706,
        59.252084958017804,
        60.55603462498402,
        61.15527529199608
      ],
      "25 \u043c\u0435\u0442\u043e\u043a": [
        53.79524083301658,
        54.38445179199334,
        54.912222957995255,
        55.288282875029836,
        56.914685958996415,
        56.155342790996656,
        57.208427332981955,
        57.664040999952704,
        58.03578870801721,
        58.91556858399417
      ]
    }
  }
}