{
  "Input parameters list": [
    {
      "tari": 12.5,
      "encoding": "M2",
      "power": 29.0,
      "num_tags": 2000,
      "speed": 25.0,
      "reader_offset": 2.0,
      "tag_offset": 2.0,
      "altitude": 4,
      "useadjust": false,
      "generation_interval": [
        "<function generation_interval at 0x10d376f20>",
        0.9696482412060302
      ],
      "label": "1 \u043c\u0435\u0442\u043e\u043a",
      "q": 5
    },
    {
      "tari": 12.5,
      "encoding": "M2",
      "power": 29.0,
      "num_tags": 2000,
      "speed": 25.0,
      "reader_offset": 2.0,
      "tag_offset": 2.0,
      "altitude": 4,
      "useadjust": false,
      "generation_interval": [
        "<function generation_interval at 0x10d376f20>",
        0.19392964824120604
      ],
      "label": "5 \u043c\u0435\u0442\u043e\u043a",
      "q": 5
    },
    {
      "tari": 12.5,
      "encoding": "M2",
      "power": 29.0,
      "num_tags": 2000,
      "speed": 25.0,
      "reader_offset": 2.0,
      "tag_offset": 2.0,
      "altitude": 4,
      "useadjust": false,
      "generation_interval": [
        "<function generation_interval at 0x10d376f20>",
        0.06464321608040201
      ],
      "label": "15 \u043c\u0435\u0442\u043e\u043a",
      "q": 5
    },
    {
      "tari": 12.5,
      "encoding": "M2",
      "power": 29.0,
      "num_tags": 2000,
      "speed": 25.0,
      "reader_offset": 2.0,
      "tag_offset": 2.0,
      "altitude": 4,
      "useadjust": false,
      "generation_interval": [
        "<function generation_interval at 0x10d376f20>",
        0.03878592964824121
      ],
      "label": "25 \u043c\u0435\u0442\u043e\u043a",
      "q": 5
    }
  ],
  "Results": {
    "rounds_count": {
      "1 \u043c\u0435\u0442\u043e\u043a": [
        31.1645,
        27.5515,
        24.883,
        22.734,
        20.927,
        19.49,
        18.293,
        17.201,
        16.2555,
        15.4395,
        14.6915,
        14.086,
        13.5065,
        12.987,
        12.4875,
        12.0005
      ],
      "5 \u043c\u0435\u0442\u043e\u043a": [
        12.85,
        10.294,
        8.702,
        7.5255,
        6.5895,
        5.8485,
        5.337,
        4.881,
        4.4305,
        4.136,
        3.909,
        3.666,
        3.481,
        3.281,
        3.1645,
        3.024
      ],
      "15 \u043c\u0435\u0442\u043e\u043a": [
        5.962,
        4.7175,
        3.9435,
        3.3765,
        3.0755,
        2.717,
        2.478,
        2.3095,
        2.1385,
        2.0745,
        1.957,
        1.926,
        1.829,
        1.7835,
        1.701,
        1.6065
      ],
      "25 \u043c\u0435\u0442\u043e\u043a": [
        4.5275,
        3.5265,
        3.048,
        2.6515,
        2.362,
        2.156,
        2.0125,
        1.9535,
        1.8515,
        1.7075,
        1.667,
        1.5355,
        1.4805,
        1.4825,
        1.3615,
        1.3455
      ]
    },
    "inventory_probs": {
      "1 \u043c\u0435\u0442\u043e\u043a": [
        1.0,
        1.0,
        1.0,
        1.0,
        1.0,
        1.0,
        1.0,
        1.0,
        1.0,
        1.0,
        1.0,
        1.0,
        1.0,
        1.0,
        1.0,
        1.0
      ],
      "5 \u043c\u0435\u0442\u043e\u043a": [
        1.0,
        1.0,
        1.0,
        1.0,
        1.0,
        1.0,
        0.9985,
        0.9995,
        0.9965,
        0.994,
        0.992,
        0.988,
        0.9805,
        0.9725,
        0.971,
        0.953
      ],
      "15 \u043c\u0435\u0442\u043e\u043a": [
        0.995,
        0.971,
        0.947,
        0.9115,
        0.8555,
        0.8325,
        0.7825,
        0.737,
        0.703,
        0.6595,
        0.6135,
        0.5875,
        0.568,
        0.546,
        0.529,
        0.5
      ],
      "25 \u043c\u0435\u0442\u043e\u043a": [
        0.8955,
        0.833,
        0.758,
        0.6905,
        0.628,
        0.597,
        0.547,
        0.489,
        0.4645,
        0.447,
        0.4205,
        0.403,
        0.3855,
        0.359,
        0.3555,
        0.3395
      ]
    },
    "read_user_probs": {
      "1 \u043c\u0435\u0442\u043e\u043a": [
        1.0,
        1.0,
        0.9995,
        0.999,
        0.9935,
        0.978,
        0.948,
        0.8995,
        0.852,
        0.772,
        0.7,
        0.622,
        0.5615,
        0.491,
        0.4305,
        0.363
      ],
      "5 \u043c\u0435\u0442\u043e\u043a": [
        1.0,
        0.993,
        0.9665,
        0.9035,
        0.805,
        0.694,
        0.6055,
        0.522,
        0.4355,
        0.375,
        0.3275,
        0.276,
        0.2345,
        0.1885,
        0.157,
        0.1475
      ],
      "15 \u043c\u0435\u0442\u043e\u043a": [
        0.9555,
        0.8305,
        0.6735,
        0.5395,
        0.435,
        0.335,
        0.272,
        0.2085,
        0.1765,
        0.148,
        0.107,
        0.0985,
        0.076,
        0.066,
        0.052,
        0.0415
      ],
      "25 \u043c\u0435\u0442\u043e\u043a": [
        0.781,
        0.6115,
        0.47,
        0.367,
        0.287,
        0.1935,
        0.1595,
        0.118,
        0.091,
        0.078,
        0.0645,
        0.051,
        0.05,
        0.033,
        0.034,
        0.0225
      ]
    },
    "times_count": {
      "1 \u043c\u0435\u0442\u043e\u043a": [
        0.054081415516162114,
        0.07371435719280889,
        0.09682762694077092,
        0.12338908030643284,
        0.15213964238442,
        0.18277668379388484,
        0.21470813605212805,
        0.24173468546933738,
        0.27285489338444757,
        0.2973917440126399,
        0.32087637312474976,
        0.3338158538529033,
        0.3552350455061606,
        0.36510319930963897,
        0.3709158460036744,
        0.38171391780061326
      ],
      "5 \u043c\u0435\u0442\u043e\u043a": [
        0.12520887129031472,
        0.17441857503375846,
        0.22487730340552214,
        0.2655834209225989,
        0.3044633434467296,
        0.33426190548133844,
        0.36755023288172484,
        0.3810159298365773,
        0.3900888369675332,
        0.40252377628745545,
        0.41007814867442005,
        0.41117753865822726,
        0.4162885568608414,
        0.42810520613483977,
        0.42487121800815286,
        0.4378575819161428
      ],
      "15 \u043c\u0435\u0442\u043e\u043a": [
        0.2570744255700553,
        0.3230384498586724,
        0.36664428103955693,
        0.39389618619732025,
        0.40970472912238515,
        0.422577929599322,
        0.43864175643914394,
        0.42936641004700304,
        0.43718645036891834,
        0.45494259645383484,
        0.45003313970037023,
        0.4547041881278052,
        0.4437536726714409,
        0.44853390976977864,
        0.4596081027594644,
        0.44929567168229756
      ],
      "25 \u043c\u0435\u0442\u043e\u043a": [
        0.3254775100665458,
        0.38076212784455743,
        0.4218899498528285,
        0.43167481616322323,
        0.4333605213975486,
        0.44704486056529724,
        0.43703453828861694,
        0.4574087119344967,
        0.4491931996712322,
        0.46400591054708046,
        0.4778501708018491,
        0.4726861638352069,
        0.4736220187503747,
        0.46947065340953387,
        0.45969238134102,
        0.47617800000029054
      ]
    },
    "collision_counts": {
      "1 \u043c\u0435\u0442\u043e\u043a": [
        0.0,
        0.0,
        0.0,
        0.0,
        0.0,
        0.0,
        0.0,
        0.0,
        0.0,
        0.0,
        0.0,
        0.0,
        0.0,
        0.0,
        0.0,
        0.0
      ],
      "5 \u043c\u0435\u0442\u043e\u043a": [
        1.1855,
        0.9295,
        0.78,
        0.658,
        0.5265,
        0.455,
        0.413,
        0.3755,
        0.3235,
        0.32,
        0.2845,
        0.296,
        0.266,
        0.229,
        0.2185,
        0.2025
      ],