{
  "Input parameters list": [
    {
      "tari": 12.5,
      "encoding": "M2",
      "power": 29.0,
      "num_tags": 1000,
      "speed": 25.0,
      "reader_offset": 2.0,
      "tag_offset": 2.0,
      "altitude": 4,
      "useadjust": false,
      "generation_interval": [
        "<function generation_interval at 0x106022f20>",
        0.9696482412060302
      ],
      "label": "1 \u043c\u0435\u0442\u043e\u043a",
      "q": 5
    },
    {
      "tari": 12.5,
      "encoding": "M2",
      "power": 29.0,
      "num_tags": 1000,
      "speed": 25.0,
      "reader_offset": 2.0,
      "tag_offset": 2.0,
      "altitude": 4,
      "useadjust": false,
      "generation_interval": [
        "<function generation_interval at 0x106022f20>",
        0.19392964824120604
      ],
      "label": "5 \u043c\u0435\u0442\u043e\u043a",
      "q": 5
    },
    {
      "tari": 12.5,
      "encoding": "M2",
      "power": 29.0,
      "num_tags": 1000,
      "speed": 25.0,
      "reader_offset": 2.0,
      "tag_offset": 2.0,
      "altitude": 4,
      "useadjust": false,
      "generation_interval": [
        "<function generation_interval at 0x106022f20>",
        0.06464321608040201
      ],
      "label": "15 \u043c\u0435\u0442\u043e\u043a",
      "q": 5
    },
    {
      "tari": 12.5,
      "encoding": "M2",
      "power": 29.0,
      "num_tags": 1000,
      "speed": 25.0,
      "reader_offset": 2.0,
      "tag_offset": 2.0,
      "altitude": 4,
      "useadjust": false,
      "generation_interval": [
        "<function generation_interval at 0x106022f20>",
        0.03878592964824121
      ],
      "label": "25 \u043c\u0435\u0442\u043e\u043a",
      "q": 5
    }
  ],
  "Results": {
    "rounds_count": {
      "1 \u043c\u0435\u0442\u043e\u043a": [
        31.153,
        27.596,
        24.904,
        22.721,
        21.065,
        19.576,
        18.25,
        17.289,
        16.119,
        15.432,
        14.745,
        14.091,
        13.466,
        13.029,
        12.481,
        12.223
      ],
      "5 \u043c\u0435\u0442\u043e\u043a": [
        12.818,
        10.294,
        8.633,
        7.443,
        6.661,
        5.866,
        5.379,
        4.92,
        4.494,
        4.177,
        3.918,
        3.773,
        3.476,
        3.24,
        3.09,
        2.919
      ],
      "15 \u043c\u0435\u0442\u043e\u043a": [
        6.095,
        4.843,
        3.987,
        3.414,
        3.103,
        2.698,
        2.491,
        2.321,
        2.13,
        2.033,
        2.03,
        1.882,
        1.841,
        1.732,
        1.668,
        1.682
      ],
      "25 \u043c\u0435\u0442\u043e\u043a": [
        4.5,
        3.677,
        3.017,
        2.556,
        2.342,
        2.175,
        2.046,
        1.929,
        1.846,
        1.788,
        1.67,
        1.528,
        1.518,
        1.358,
        1.356,
        1.396
      ]
    },
    "inventory_probs": {
      "1 \u043c\u0435\u0442\u043e\u043a": [
        1.0,
        1.0,
        1.0,
        1.0,
        1.0,
        1.0,
        1.0,
        1.0,
        1.0,
        1.0,
        1.0,
        1.0,
        1.0,
        1.0,
        1.0,
        1.0
      ],
      "5 \u043c\u0435\u0442\u043e\u043a": [
        1.0,
        1.0,
        1.0,
        1.0,
        1.0,
        1.0,
        0.998,
        0.998,
        1.0,
        0.996,
        0.995,
        0.989,
        0.988,
        0.977,
        0.963,
        0.953
      ],
      "15 \u043c\u0435\u0442\u043e\u043a": [
        0.991,
        0.967,
        0.938,
        0.91,
        0.857,
        0.827,
        0.784,
        0.76,
        0.712,
        0.675,
        0.618,
        0.594,
        0.579,
        0.536,
        0.533,
        0.511
      ],
      "25 \u043c\u0435\u0442\u043e\u043a": [
        0.912,
        0.839,
        0.76,
        0.71,
        0.631,
        0.597,
        0.55,
        0.499,
        0.479,
        0.445,
        0.41,
        0.397,
        0.383,
        0.371,
        0.354,
        0.332
      ]
    },
    "read_user_probs": {
      "1 \u043c\u0435\u0442\u043e\u043a": [
        1.0,
        1.0,
        1.0,
        0.997,
        0.994,
        0.978,
        0.951,
        0.895,
        0.824,
        0.77,
        0.669,
        0.642,
        0.585,
        0.497,
        0.427,
        0.383
      ],
      "5 \u043c\u0435\u0442\u043e\u043a": [
        1.0,
        0.993,
        0.965,
        0.894,
        0.811,
        0.708,
        0.601,
        0.526,
        0.435,
        0.381,
        0.324,
        0.274,
        0.248,
        0.213,
        0.175,
        0.117
      ],
      "15 \u043c\u0435\u0442\u043e\u043a": [
        0.948,
        0.822,
        0.689,
        0.535,
        0.415,
        0.346,
        0.269,
        0.221,
        0.185,
        0.153,
        0.096,
        0.107,
        0.064,
        0.051,
        0.069,
        0.053
      ],
      "25 \u043c\u0435\u0442\u043e\u043a": [
        0.805,
        0.642,
        0.474,
        0.355,
        0.294,
        0.194,
        0.164,
        0.107,
        0.11,
        0.093,
        0.073,
        0.053,
        0.057,
        0.042,
        0.037,
        0.025
      ]
    },
    "times_count": {
      "1 \u043c\u0435\u0442\u043e\u043a": [
        0.054232323497971836,
        0.07386438201866513,
        0.09769091890382314,
        0.12323928502108807,
        0.1518552528103932,
        0.18213133446681254,
        0.21074380475841664,
        0.2429252319249175,
        0.2666323857035716,
        0.2998394088327543,
        0.3195135039168701,
        0.3388719390619021,
        0.35102585462961594,
        0.37311702392560053,
        0.38087737388380605,
        0.3813173966809969
      ],
      "5 \u043c\u0435\u0442\u043e\u043a": [
        0.12465593369175487,
        0.1717504271117846,
        0.22651405588975046,
        0.2703333074606026,
        0.3116719959054411,
        0.3327666092945405,
        0.35934874293866276,
        0.3729521807701429,
        0.39358610155928975,
        0.4043004897308725,
        0.4150762904278694,
        0.41444655487002446,
        0.4283027771284652,
        0.4147911844121269,
        0.42487651311914953,
        0.4348650504187879
      ],
      "15 \u043c\u0435\u0442\u043e\u043a": [
        0.2572163812677097,
        0.32253535813350886,
        0.3655166481008817,
        0.39691544907424503,
        0.42777666239104273,
        0.41481989935092217,
        0.4351551708756092,
        0.43288508183278085,
        0.4276406944446608,
        0.4466416866884766,
        0.45917512689418927,
        0.45104087557369155,
        0.45893603173109965,
        0.46758862132398193,
        0.45233017500051176,
        0.4576515636795074
      ],
      "25 \u043c\u0435\u0442\u043e\u043a": [
        0.33046005697398456,
        0.38084578037165057,
        0.4123393571426712,
        0.4241384305377257,
        0.4549236237977677,
        0.4528186576215576,
        0.4606363941173597,
        0.4582120279013791,
        0.47919634486573026,
        0.4338398255203759,
        0.4693277996572179,
        0.49931781839577893,
        0.4563735021925239,
        0.47783459374955983,
        0.4540412956076678,
        0.43667453249956795
      ]
    },
    "collision_counts": {
      "1 \u043c\u0435\u0442\u043e\u043a": [
        0.0,
        0.0,
        0.0,
        0.0,
        0.0,
        0.0,
        0.0,
        0.0,
        0.0,
        0.0,
        0.0,
        0.0,
        0.0,
        0.0,
        0.0,
        0.0
      ],
      "5 \u043c\u0435\u0442\u043e\u043a": [
        1.092,
        0.931,
        0.758,
        0.65,
        0.548,
        0.49,
        0.415,
        0.432,
        0.348,
        0.339,
        0.286,
        0.295,
        0.234,
        0.203,
        0.197,
        0.213
      ],