{
  "Input parameters list": [
    {
      "tari": 12.5,
      "encoding": "M2",
      "tid_word_size": 64,
      "num_tags": 2000,
      "speed": 25.0,
      "reader_offset": 2.0,
      "tag_offset": 2.0,
      "altitude": 4,
      "useadjust": false,
      "generation_interval": [
        "<function generation_interval at 0x10d376f20>",
        0.9696482412060302
      ],
      "label": "1 \u043c\u0435\u0442\u043e\u043a",
      "q": 5
    },
    {
      "tari": 12.5,
      "encoding": "M2",
      "tid_word_size": 64,
      "num_tags": 2000,
      "speed": 25.0,
      "reader_offset": 2.0,
      "tag_offset": 2.0,
      "altitude": 4,
      "useadjust": false,
      "generation_interval": [
        "<function generation_interval at 0x10d376f20>",
        0.19392964824120604
      ],
      "label": "5 \u043c\u0435\u0442\u043e\u043a",
      "q": 5
    },
    {
      "tari": 12.5,
      "encoding": "M2",
      "tid_word_size": 64,
      "num_tags": 2000,
      "speed": 25.0,
      "reader_offset": 2.0,
      "tag_offset": 2.0,
      "altitude": 4,
      "useadjust": false,
      "generation_interval": [
        "<function generation_interval at 0x10d376f20>",
        0.06464321608040201
      ],
      "label": "15 \u043c\u0435\u0442\u043e\u043a",
      "q": 5
    },
    {
      "tari": 12.5,
      "encoding": "M2",
      "tid_word_size": 64,
      "num_tags": 2000,
      "speed": 25.0,
      "reader_offset": 2.0,
      "tag_offset": 2.0,
      "altitude": 4,
      "useadjust": false,
      "generation_interval": [
        "<function generation_interval at 0x10d376f20>",
        0.03878592964824121
      ],
      "label": "25 \u043c\u0435\u0442\u043e\u043a",
      "q": 5
    }
  ],
  "Results": {
    "rounds_count": {
      "1 \u043c\u0435\u0442\u043e\u043a": [
        6.433,
        8.1305,
        9.5325,
        10.7755,
        11.9875,
        13.15,
        14.1355,
        15.1865,
        16.2615,
        17.2835,
        18.2895,
        19.4065,
        20.4765,
        21.5855,
        22.795,
        23.9805,
        24.9755,
        25.4445,
        25.8525,
        26.1505
      ],
      "5 \u043c\u0435\u0442\u043e\u043a": [
        5.415,
        5.852,
        6.1685,
        6.322,
        6.5455,
        6.6735,
        6.8135,
        6.807,
        6.8825,
        7.0065,
        7.102,
        7.166,
        7.3295,
        7.3895,
        7.521,
        7.601,
        7.723,
        7.752,
        7.8575,
        7.9695
      ],
      "15 \u043c\u0435\u0442\u043e\u043a": [
        2.65,
        2.787,
        2.887,
        2.984,
        2.9645,
        3.036,
        3.0485,
        3.152,
        3.171,
        3.1955,
        3.215,
        3.2585,
        3.378,
        3.362,
        3.401,
        3.5045,
        3.5695,
        3.6255,
        3.654,
        3.7675
      ],
      "25 \u043c\u0435\u0442\u043e\u043a": [
        1.911,
        1.9975,
        2.0835,
        2.0825,
        2.1835,
        2.208,
        2.2875,
        2.2815,
        2.4005,
        2.3755,
        2.4495,
        2.454,
        2.574,
        2.545,
        2.609,
        2.688,
        2.737,
        2.7785,
        2.8165,
        2.8925
      ]
    },
    "inventory_probs": {
      "1 \u043c\u0435\u0442\u043e\u043a": [
        1.0,
        1.0,
        1.0,
        1.0,
        1.0,
        1.0,
        1.0,
        1.0,
        1.0,
        1.0,
        1.0,
        1.0,
        1.0,
        1.0,
        1.0,
        1.0,
        1.0,
        1.0,
        1.0,
        1.0
      ],
      "5 \u043c\u0435\u0442\u043e\u043a": [
        0.9995,
        1.0,
        1.0,
        0.999,
        1.0,
        1.0,
        0.999,
        1.0,
        0.9995,
        1.0,
        0.9995,
        1.0,
        1.0,
        1.0,
        0.9995,
        0.9995,
        1.0,
        1.0,
        1.0,
        1.0
      ],
      "15 \u043c\u0435\u0442\u043e\u043a": [
        0.913,
        0.9015,
        0.918,
        0.916,
        0.915,
        0.911,
        0.9225,
        0.9125,
        0.9165,
        0.927,
        0.915,
        0.919,
        0.9095,
        0.907,
        0.909,
        0.9005,
        0.906,
        0.902,
        0.901,
        0.8865
      ],
      "25 \u043c\u0435\u0442\u043e\u043a": [
        0.712,
        0.727,
        0.735,
        0.733,
        0.723,
        0.726,
        0.7245,
        0.716,
        0.71,
        0.7135,
        0.7115,
        0.7045,
        0.6885,
        0.7025,
        0.687,
        0.692,
        0.6855,
        0.69,
        0.684,
        0.672
      ]
    },
    "read_user_probs": {
      "1 \u043c\u0435\u0442\u043e\u043a": [
        0.4065,
        0.5065,
        0.6305,
        0.705,
        0.786,
        0.8435,
        0.908,
        0.929,
        0.9515,
        0.968,
        0.982,
        0.99,
        0.9975,
        0.998,
        0.9995,
        1.0,
        0.9995,
        1.0,
        1.0,
        0.9995
      ],
      "5 \u043c\u0435\u0442\u043e\u043a": [
        0.344,
        0.3935,
        0.4595,
        0.514,
        0.563,
        0.6255,
        0.654,
        0.7015,
        0.7445,
        0.761,
        0.803,
        0.831,
        0.858,
        0.8925,
        0.8845,
        0.9195,
        0.9405,
        0.942,
        0.955,
        0.9565
      ],
      "15 \u043c\u0435\u0442\u043e\u043a": [
        0.15,
        0.1925,
        0.196,
        0.255,
        0.2595,
        0.285,
        0.3115,
        0.357,
        0.375,
        0.416,
        0.439,
        0.462,
        0.501,
        0.5105,
        0.5375,
        0.571,
        0.5925,
        0.603,
        0.6135,
        0.6365
      ],
      "25 \u043c\u0435\u0442\u043e\u043a": [
        0.0955,
        0.114,
        0.1165,
        0.1405,
        0.1545,
        0.183,
        0.1975,
        0.227,
        0.2505,
        0.2685,
        0.2835,
        0.2925,
        0.3205,
        0.349,
        0.344,
        0.367,
        0.3725,
        0.3985,
        0.409,
        0.428
      ]
    },
    "times_count": {
      "1 \u043c\u0435\u0442\u043e\u043a": [
        0.10401229598575307,
        0.12563562868938358,
        0.13870901258683924,
        0.1527079413670556,
        0.16023785965226664,
        0.1570858640469716,
        0.1558087978103046,
        0.15321126817262873,
        0.1501173162388384,
        0.1499745300629393,
        0.1417996198596975,
        0.13553806654431236,
        0.13095889951286202,
        0.12738640384002925,
        0.12348709368214784,
        0.12117279500338665,
        0.11671856654733824,
        0.11340158813241256,
        0.1100537350612439,
        0.10780734049593645
      ],
      "5 \u043c\u0435\u0442\u043e\u043a": [
        0.10879811042742785,
        0.14123961248214192,
        0.15715924568541098,
        0.1768605849653267,
        0.18825568822278732,
        0.20800504085200414,
        0.21358209991689084,
        0.2293435678749897,
        0.2300301209599909,
        0.24573850527197355,
        0.24832600641932917,
        0.25692893508307596,
        0.26405441705619875,
        0.2596901876835241,
        0.2669951382583507,
        0.27304053088964664,
        0.27640393771913985,
        0.2777190106177397,
        0.28186466441618413,
        0.284503037995316
      ],
      "15 \u043c\u0435\u0442\u043e\u043a": [
        0.12694149132211474,
        0.1616890078479525,
        0.18977241886738597,
        0.21194083855843013,
        0.23255131571656312,
        0.24880722307125985,
        0.2692160218671698,
        0.29375112403946135,
        0.3022111842271215,
        0.3236673014952739,
        0.3362633432250211,
        0.3560555433742797,
        0.3711509447480053,
        0.3819005509801781,
        0.40188356552974897,
        0.4166997558144947,
        0.42013568758242786,
        0.4434941231654737,
        0.4459225311681191,
        0.45333624898288116
      ],