{
  "Input parameters list": [
    {
      "tari": 12.5,
      "encoding": "M2",
      "tid_word_size": 64,
      "power": 29.0,
      "num_tags": 2000,
      "reader_offset": 2.0,
      "tag_offset": 2.0,
      "altitude": 4,
      "useadjust": false,
      "generation_interval": [
        "<function generation_interval at 0x106022f20>",
        0.9696482412060302
      ],
      "label": "1 \u043c\u0435\u0442\u043e\u043a",
      "q": 5
    },
    {
      "tari": 12.5,
      "encoding": "M2",
      "tid_word_size": 64,
      "power": 29.0,
      "num_tags": 2000,
      "reader_offset": 2.0,
      "tag_offset": 2.0,
      "altitude": 4,
      "useadjust": false,
      "generation_interval": [
        "<function generation_interval at 0x106022f20>",
        0.19392964824120604
      ],
      "label": "5 \u043c\u0435\u0442\u043e\u043a",
      "q": 5
    },
    {
      "tari": 12.5,
      "encoding": "M2",
      "tid_word_size": 64,
      "power": 29.0,
      "num_tags": 2000,
      "reader_offset": 2.0,
      "tag_offset": 2.0,
      "altitude": 4,
      "useadjust": false,
      "generation_interval": [
        "<function generation_interval at 0x106022f20>",
        0.06464321608040201
      ],
      "label": "15 \u043c\u0435\u0442\u043e\u043a",
      "q": 5
    },
    {
      "tari": 12.5,
      "encoding": "M2",
      "tid_word_size": 64,
      "power": 29.0,
      "num_tags": 2000,
      "reader_offset": 2.0,
      "tag_offset": 2.0,
      "altitude": 4,
      "useadjust": false,
      "generation_interval": [
        "<function generation_interval at 0x106022f20>",
        0.03878592964824121
      ],
      "label": "25 \u043c\u0435\u0442\u043e\u043a",
      "q": 5
    }
  ],
  "Results": {
    "rounds_count": {
      "1 \u043c\u0435\u0442\u043e\u043a": [
        26.728,
        25.4635,
        24.82,
        24.614,
        22.726,
        20.5765,
        18.967,
        17.457,
        16.277,
        15.1345,
        14.225,
        13.407,
        12.5895,
        11.9545,
        11.3905,
        10.8365,
        10.31,
        9.896,
        9.5285,
        9.0855,
        8.768,
        8.4325,
        8.151
      ],
      "5 \u043c\u0435\u0442\u043e\u043a": [
        8.423,
        8.136,
        7.9255,
        7.601,
        7.4685,
        7.3065,
        7.1465,
        7.0625,
        6.8435,
        6.761,
        6.715,
        6.6,
        6.495,
        6.3225,
        6.278,
        6.277,
        6.212,
        6.148,
        6.0435,
        5.938,
        5.831,
        5.7645,
        5.623
      ],
      "15 \u043c\u0435\u0442\u043e\u043a": [
        4.1345,
        3.9,
        3.771,
        3.576,
        3.4055,
        3.314,
        3.2455,
        3.147,
        3.097,
        3.009,
        2.993,
        2.942,
        2.9805,
        2.8885,
        2.8475,
        2.8505,
        2.78,
        2.7585,
        2.7535,
        2.707,
        2.6655,
        2.6675,
        2.6535
      ],
      "25 \u043c\u0435\u0442\u043e\u043a": [
        3.65,
        3.257,
        2.9305,
        2.777,
        2.5795,
        2.5385,
        2.496,
        2.403,
        2.324,
        2.269,
        2.164,
        2.1835,
        2.1105,
        2.1115,
        2.0695,
        2.0245,
        1.9485,
        1.9925,
        1.968,
        1.9335,
        1.919,
        1.8855,
        1.904
      ]
    },
    "inventory_probs": {
      "1 \u043c\u0435\u0442\u043e\u043a": [
        1.0,
        1.0,
        1.0,
        1.0,
        1.0,
        1.0,
        1.0,
        1.0,
        1.0,
        1.0,
        1.0,
        1.0,
        1.0,
        1.0,
        1.0,
        1.0,
        1.0,
        1.0,
        1.0,
        1.0,
        1.0,
        1.0,
        1.0
      ],
      "5 \u043c\u0435\u0442\u043e\u043a": [
        1.0,
        1.0,
        1.0,
        1.0,
        1.0,
        1.0,
        1.0,
        1.0,
        1.0,
        1.0,
        0.9995,
        1.0,
        1.0,
        1.0,
        1.0,
        1.0,
        1.0,
        1.0,
        1.0,
        1.0,
        1.0,
        1.0,
        1.0
      ],
      "15 \u043c\u0435\u0442\u043e\u043a": [
        0.885,
        0.8735,
        0.885,
        0.8905,
        0.9095,
        0.9125,
        0.921,
        0.924,
        0.9215,
        0.922,
        0.9305,
        0.937,
        0.925,
        0.94,
        0.934,
        0.9275,
        0.934,
        0.9325,
        0.939,
        0.9415,
        0.947,
        0.9405,
        0.939
      ],
      "25 \u043c\u0435\u0442\u043e\u043a": [
        0.6255,
        0.6465,
        0.6785,
        0.6835,
        0.684,
        0.7005,
        0.705,
        0.7095,
        0.727,
        0.72,
        0.7415,
        0.724,
        0.73,
        0.736,
        0.7385,
        0.734,
        0.75,
        0.7425,
        0.7385,
        0.7465,
        0.7575,
        0.755,
        0.74
      ]
    },
    "read_user_probs": {
      "1 \u043c\u0435\u0442\u043e\u043a": [
        1.0,
        0.9995,
        0.9995,
        0.9995,
        0.998,
        0.998,
        0.9975,
        0.996,
        0.992,
        0.988,
        0.9905,
        0.985,
        0.979,
        0.9755,
        0.97,
        0.961,
        0.958,
        0.948,
        0.94,
        0.925,
        0.929,
        0.93,
        0.9175
      ],
      "5 \u043c\u0435\u0442\u043e\u043a": [
        0.9085,
        0.9,
        0.914,
        0.908,
        0.899,
        0.905,
        0.8965,
        0.886,
        0.8945,
        0.893,
        0.8865,
        0.89,
        0.8835,
        0.8695,
        0.89,
        0.8815,
        0.876,
        0.8815,
        0.876,
        0.8885,
        0.8815,
        0.8745,
        0.8825
      ],
      "15 \u043c\u0435\u0442\u043e\u043a": [
        0.534,
        0.5275,
        0.536,
        0.5405,
        0.5345,
        0.5585,
        0.5485,
        0.543,
        0.5325,
        0.5315,
        0.5435,
        0.545,
        0.5255,
        0.5415,
        0.533,
        0.534,
        0.55,
        0.5325,
        0.556,
        0.531,
        0.5495,
        0.5395,
        0.5225
      ],
      "25 \u043c\u0435\u0442\u043e\u043a": [
        0.3155,
        0.3435,
        0.3675,
        0.3435,
        0.338,
        0.3625,
        0.349,
        0.367,
        0.3665,
        0.36,
        0.369,
        0.3615,
        0.3545,
        0.3615,
        0.3715,
        0.3705,
        0.379,
        0.346,
        0.3555,
        0.3615,
        0.3525,
        0.361,
        0.362
      ]
    },
    "times_count": {
      "1 \u043c\u0435\u0442\u043e\u043a": [
        0.14253718460922332,
        0.13103774632392443,
        0.12830306030637204,
        0.12684702245837906,
        0.12337355769492972,
        0.1204887396115668,
        0.11824028201804394,
        0.11782696885178881,
        0.11546952390247636,
        0.11361711437239726,
        0.11198067960917789,
        0.10926804675662749,
        0.10833433407775248,
        0.10547757378934969,
        0.10554911913342324,
        0.10368920249613742,
        0.10223113321079115,
        0.09971144291405622,
        0.09840624162338195,
        0.09592626187220205,
        0.09646678794921024,
        0.09422276260128334,
        0.09366463547341271
      ],