{
  "Input parameters list": [
    {
      "tari": 12.5,
      "encoding": "M2",
      "tid_word_size": 64,
      "power": 29.0,
      "num_tags": 1500,
      "speed": 25.0,
      "reader_offset": 2.0,
      "tag_offset": 2.0,
      "altitude": 5.0,
      "useadjust": false,
      "generation_interval": [
        "<function generation_interval at 0x113276f20>",
        0.9696482412060302
      ],
      "label": "1 tag(s)"
    },
    {
      "tari": 12.5,
      "encoding": "M2",
      "tid_word_size": 64,
      "power": 29.0,
      "num_tags": 1500,
      "speed": 25.0,
      "reader_offset": 2.0,
      "tag_offset": 2.0,
      "altitude": 5.0,
      "useadjust": false,
      "generation_interval": [
        "<function generation_interval at 0x113276f20>",
        0.19392964824120604
      ],
      "label": "5 tag(s)"
    },
    {
      "tari": 12.5,
      "encoding": "M2",
      "tid_word_size": 64,
      "power": 29.0,
      "num_tags": 1500,
      "speed": 25.0,
      "reader_offset": 2.0,
      "tag_offset": 2.0,
      "altitude": 5.0,
      "useadjust": false,
      "generation_interval": [
        "<function generation_interval at 0x113276f20>",
        0.06464321608040201
      ],
      "label": "15 tag(s)"
    },
    {
      "tari": 12.5,
      "encoding": "M2",
      "tid_word_size": 64,
      "power": 29.0,
      "num_tags": 1500,
      "speed": 25.0,
      "reader_offset": 2.0,
      "tag_offset": 2.0,
      "altitude": 5.0,
      "useadjust": false,
      "generation_interval": [
        "<function generation_interval at 0x113276f20>",
        0.03878592964824121
      ],
      "label": "25 tag(s)"
    }
  ],
  "Results": {
    "rounds_count": {
      "1 tag(s)": [
        45.400666666666666,
        44.029333333333334,
        41.64533333333333,
        37.93,
        32.477333333333334,
        25.611333333333334,
        18.13,
        11.552666666666667,
        6.846,
        3.8973333333333335,
        2.1266666666666665,
        1.3133333333333332,
        0.46066666666666667,
        0.46066666666666667,
        0.46066666666666667,
        0.46066666666666667
      ],
      "5 tag(s)": [
        384.4433333333333,
        46.431333333333335,
        16.825333333333333,
        11.523333333333333,
        9.589333333333334,
        8.396666666666667,
        7.29,
        5.979333333333333,
        4.446666666666666,
        3.066,
        1.742,
        1.108,
        0.45866666666666667,
        0.45866666666666667,
        0.45866666666666667,
        0.45866666666666667
      ],
      "15 tag(s)": [
        384.592,
        217.486,
        43.382,
        8.703333333333333,
        5.163333333333333,
        3.9046666666666665,
        3.37,
        2.9466666666666668,
        2.5193333333333334,
        2.1273333333333335,
        1.494,
        1.044,
        0.458,
        0.458,
        0.458,
        0.458
      ],
      "25 tag(s)": [
        382.264,
        220.99933333333334,
        101.2,
        14.256,
        4.696,
        3.0,
        2.462666666666667,
        2.1493333333333333,
        1.9926666666666666,
        1.5886666666666667,
        1.3806666666666667,
        0.9893333333333333,
        0.46,
        0.46,
        0.46,
        0.46
      ]
    },
    "inventory_probs": {
      "1 tag(s)": [
        1.0,
        1.0,
        1.0,
        1.0,
        1.0,
        1.0,
        1.0,
        1.0,
        0.9993333333333333,
        0.9886666666666667,
        0.844,
        0.44266666666666665,
        0.13533333333333333,
        0.07133333333333333,
        0.027333333333333334,
        0.014
      ],
      "5 tag(s)": [
        0.0013333333333333333,
        0.9713333333333334,
        0.998,
        0.9993333333333333,
        0.9993333333333333,
        1.0,
        0.9973333333333333,
        1.0,
        0.99,
        0.9453333333333334,
        0.694,
        0.392,
        0.12933333333333333,
        0.06266666666666666,
        0.042,
        0.016666666666666666
      ],
      "15 tag(s)": [
        0.0006666666666666666,
        0.022,
        0.534,
        0.764,
        0.8393333333333334,
        0.8986666666666666,
        0.9,
        0.9013333333333333,
        0.854,
        0.7113333333333334,
        0.6026666666666667,
        0.276,
        0.11466666666666667,
        0.064,
        0.03,
        0.011333333333333334
      ],
      "25 tag(s)": [
        0.007333333333333333,
        0.0026666666666666666,
        0.106,
        0.44533333333333336,
        0.61,
        0.676,
        0.7186666666666667,
        0.694,
        0.6446666666666667,
        0.6053333333333333,
        0.4666666666666667,
        0.214,
        0.106,
        0.056,
        0.032,
        0.021333333333333333
      ]
    },
    "read_user_probs": {
      "1 tag(s)": [
        0.9746666666666667,
        0.9766666666666667,
        0.974,
        0.9646666666666667,
        0.9466666666666667,
        0.9146666666666666,
        0.8646666666666667,
        0.7366666666666667,
        0.5566666666666666,
        0.35333333333333333,
        0.22266666666666668,
        0.07733333333333334,
        0.010666666666666666,
        0.012,
        0.005333333333333333,
        0.002
      ],
      "5 tag(s)": [
        0.0,
        0.5533333333333333,
        0.6326666666666667,
        0.63,
        0.636,
        0.6086666666666667,
        0.5873333333333334,
        0.526,
        0.4166666666666667,
        0.27,
        0.164,
        0.062,
        0.018,
        0.01,
        0.005333333333333333,
        0.0013333333333333333
      ],
      "15 tag(s)": [
        0.0,
        0.004666666666666667,
        0.188,
        0.266,
        0.2906666666666667,
        0.30133333333333334,
        0.2833333333333333,
        0.2693333333333333,
        0.22,
        0.17133333333333334,
        0.12733333333333333,
        0.05,
        0.018,
        0.006666666666666667,
        0.005333333333333333,
        0.0006666666666666666
      ],
      "25 tag(s)": [
        0.0,
        0.0,
        0.03,
        0.14,
        0.17933333333333334,
        0.17933333333333334,
        0.184,
        0.182,
        0.13666666666666666,
        0.136,
        0.08533333333333333,
        0.03866666666666667,
        0.019333333333333334,
        0.008,
        0.005333333333333333,
        0.0026666666666666666
      ]
    },
    "times_count": {
      "1 tag(s)": [
        0.16696356568929527,
        0.16680829864523536,
        0.1700408791899661,
        0.178171458529908,
        0.18753465271190253,
        0.21354502089270397,
        0.25947066163204946,
        0.3186999114902266,
        0.3719499221571973,
        0.4353189404880273,
        0.4527575050679265,
        0.4556323785496462,
        0.46894594554860625,
        0.5513694445271697,
        0.5506837347317841,
        0.46005677104354464
      ],
      "5 tag(s)": [
        -1.0,
        0.33788211704797905,
        0.3429084965318405,
        0.35487918268475255,
        0.35839790188580123,
        0.3563646392130467,
        0.3704959385099364,
        0.38467757506730416,
        0.4174971735829612,
        0.454744468528861,
        0.46918602801103926,
        0.4684529946614194,
        0.4831512893609402,
        0.5553789791699586,
        0.5507835312688096,
        0.43986843750877824
      ],
      "15 tag(s)": [
        -1.0,
        0.42190808333372753,
        0.39932398325869756,
        0.4237256272993167,
        0.4368063114663286,
        0.44536648431003806,
        0.43894484003725953,
        0.44674558399715486,
        0.44584105579046857,
        0.47685288782595087,
        0.47946024838841267,
        0.4997326449996988,
        0.49927372916601587,
        0.5106389937489391,
        0.519936671873837,
        0.6269718124986241
      ],