{
  "Input parameters list": [
    {
      "tari": 12.5,
      "encoding": "M2",
      "tid_word_size": 64,
      "power": 29.0,
      "num_tags": 1500,
      "speed": 25.0,
      "reader_offset": 2.0,
      "tag_offset": 2.0,
      "altitude": 4,
      "useadjust": true,
      "generation_interval": [
        "<function generation_interval at 0x10663ef20>",
        0.9696482412060302
      ],
      "tags_amount": 1,
      "label": "1 \u043c\u0435\u0442\u043e\u043a"
    },
    {
      "tari": 12.5,
      "encoding": "M2",
      "tid_word_size": 64,
      "power": 29.0,
      "num_tags": 1500,
      "speed": 25.0,
      "reader_offset": 2.0,
      "tag_offset": 2.0,
      "altitude": 4,
      "useadjust": true,
      "generation_interval": [
        "<function generation_interval at 0x10663ef20>",
        0.19392964824120604
      ],
      "tags_amount": 5,
      "label": "5 \u043c\u0435\u0442\u043e\u043a"
    },
    {
      "tari": 12.5,
      "encoding": "M2",
      "tid_word_size": 64,
      "power": 29.0,
      "num_tags": 1500,
      "speed": 25.0,
      "reader_offset": 2.0,
      "tag_offset": 2.0,
      "altitude": 4,
      "useadjust": true,
      "generation_interval": [
        "<function generation_interval at 0x10663ef20>",
        0.06464321608040201
      ],
      "tags_amount": 15,
      "label": "15 \u043c\u0435\u0442\u043e\u043a",
      "target_strategy": "const"
    },
    {
      "tari": 12.5,
      "encoding": "M2",
      "tid_word_size": 64,
      "power": 29.0,
      "num_tags": 1500,
      "speed": 25.0,
      "reader_offset": 2.0,
      "tag_offset": 2.0,
      "altitude": 4,
      "useadjust": true,
      "generation_interval": [
        "<function generation_interval at 0x10663ef20>",
        0.03878592964824121
      ],
      "tags_amount": 25,
      "label": "25 \u043c\u0435\u0442\u043e\u043a",
      "target_strategy": "const"
    }
  ],
  "Results": {
    "rounds_count": {
      "1 \u043c\u0435\u0442\u043e\u043a": [
        38.864666666666665,
        38.64,
        38.51466666666666,
        38.65133333333333,
        38.684,
        38.776666666666664,
        38.67466666666667,
        38.65866666666667,
        38.565333333333335,
        38.80733333333333,
        38.696,
        38.712,
        38.76533333333333,
        38.774,
        38.556666666666665,
        38.443333333333335
      ],
      "5 \u043c\u0435\u0442\u043e\u043a": [
        37.172,
        38.425333333333334,
        37.952,
        37.43866666666667,
        36.142,
        37.257333333333335,
        37.64,
        36.746,
        36.096666666666664,
        37.238,
        37.36,
        38.190666666666665,
        36.656,
        37.022,
        35.75933333333333,
        36.995333333333335
      ],
      "15 \u043c\u0435\u0442\u043e\u043a": [
        3.7653333333333334,
        3.764,
        3.8073333333333332,
        3.7213333333333334,
        3.7853333333333334,
        3.723333333333333,
        3.72,
        3.766,
        3.764,
        3.691333333333333,
        3.772666666666667,
        3.726,
        3.794,
        3.8013333333333335,
        3.772,
        3.7953333333333332
      ],
      "25 \u043c\u0435\u0442\u043e\u043a": [
        3.9153333333333333,
        4.008666666666667,
        3.9346666666666668,
        3.9013333333333335,
        4.018,
        3.554666666666667,
        4.06,
        4.06,
        4.139333333333333,
        4.045333333333334,
        3.764666666666667,
        3.8073333333333332,
        3.906,
        4.242666666666667,
        3.9306666666666668,
        4.123333333333333
      ]
    },
    "inventory_probs": {
      "1 \u043c\u0435\u0442\u043e\u043a": [
        1.0,
        1.0,
        1.0,
        1.0,
        1.0,
        1.0,
        1.0,
        1.0,
        1.0,
        1.0,
        1.0,
        1.0,
        1.0,
        1.0,
        1.0,
        1.0
      ],
      "5 \u043c\u0435\u0442\u043e\u043a": [
        0.9693333333333334,
        0.9653333333333334,
        0.9733333333333334,
        0.9693333333333334,
        0.966,
        0.964,
        0.972,
        0.9766666666666667,
        0.9673333333333334,
        0.9766666666666667,
        0.972,
        0.9706666666666667,
        0.962,
        0.9653333333333334,
        0.9693333333333334,
        0.9673333333333334
      ],
      "15 \u043c\u0435\u0442\u043e\u043a": [
        0.5433333333333333,
        0.532,
        0.5453333333333333,
        0.5306666666666666,
        0.5233333333333333,
        0.548,
        0.5093333333333333,
        0.5113333333333333,
        0.542,
        0.5446666666666666,
        0.5153333333333333,
        0.532,
        0.5393333333333333,
        0.5213333333333333,
        0.5146666666666667,
        0.5386666666666666
      ],
      "25 \u043c\u0435\u0442\u043e\u043a": [
        0.7386666666666667,
        0.7293333333333333,
        0.7653333333333333,
        0.7386666666666667,
        0.7153333333333334,
        0.7853333333333333,
        0.73,
        0.7266666666666667,
        0.7506666666666667,
        0.7286666666666667,
        0.754,
        0.776,
        0.754,
        0.7233333333333334,
        0.7046666666666667,
        0.742
      ]
    },
    "read_user_probs": {
      "1 \u043c\u0435\u0442\u043e\u043a": [
        1.0,
        0.9993333333333333,
        1.0,
        1.0,
        1.0,
        1.0,
        1.0,
        0.9993333333333333,
        1.0,
        1.0,
        1.0,
        1.0,
        1.0,
        1.0,
        1.0,
        1.0
      ],
      "5 \u043c\u0435\u0442\u043e\u043a": [
        0.7846666666666666,
        0.784,
        0.7693333333333333,
        0.7573333333333333,
        0.7813333333333333,
        0.7813333333333333,
        0.78,
        0.7773333333333333,
        0.7653333333333333,
        0.7793333333333333,
        0.784,
        0.7826666666666666,
        0.7613333333333333,
        0.7766666666666666,
        0.7846666666666666,
        0.7853333333333333
      ],
      "15 \u043c\u0435\u0442\u043e\u043a": [
        0.138,
        0.14466666666666667,
        0.136,
        0.13333333333333333,
        0.14066666666666666,
        0.13866666666666666,
        0.128,
        0.136,
        0.13933333333333334,
        0.144,
        0.14,
        0.14533333333333334,
        0.12866666666666668,
        0.14666666666666667,
        0.12466666666666666,
        0.14333333333333334
      ],
      "25 \u043c\u0435\u0442\u043e\u043a": [
        0.2673333333333333,
        0.24866666666666667,
        0.272,
        0.262,
        0.25133333333333335,
        0.308,
        0.25666666666666665,
        0.26866666666666666,
        0.27466666666666667,
        0.244,
        0.2813333333333333,
        0.2786666666666667,
        0.2853333333333333,
        0.23933333333333334,
        0.24866666666666667,
        0.2653333333333333
      ]
    },
    "times_count": {
      "1 \u043c\u0435\u0442\u043e\u043a": [
        0.0907260654286204,
        0.08999913836160203,
        0.09079989283731622,
        0.08995376657654976,
        0.08893976601294576,
        0.090144734118626,
        0.08948801914622187,
        0.09062314832696088,
        0.0897109797997489,
        0.09004834115943033,
        0.09013802001865809,
        0.08942446547832607,
        0.08984756526517508,
        0.08976072560715996,
        0.08921385561952727,
        0.09016676911067621
      ],
      "5 \u043c\u0435\u0442\u043e\u043a": [
        0.24532981420005553,
        0.25086218004715866,
        0.25153839369346787,
        0.24999990349454695,
        0.24815165600970016,
        0.2512209415506598,
        0.2509274319601134,
        0.24612875122237574,
        0.25169768476653914,
        0.2461563294807062,
        0.25251736342288583,
        0.2514841687285794,
        0.2476614079875581,
        0.2510660296523253,
        0.25434892064661846,
        0.2531220087647916
      ],