{
  "Input parameters list": [
    {
      "tari": 12.5,
      "encoding": "M2",
      "tid_word_size": 64,
      "power": 29.0,
      "num_tags": 1500,
      "speed": 25.0,
      "reader_offset": 0.5,
      "tag_offset": 2.0,
      "useadjust": false,
      "q": 0
    }
  ],
  "Results": {
    "rounds_count": {
      "\u0420\u0430\u0441\u0441\u0442\u043e\u044f\u043d\u0438\u0435 \u043e\u0442 \u0441\u0442\u0435\u043d\u044b = 0.5 \u043c": [
        19.784,
        24.751333333333335,
        29.407333333333334,
        32.448,
        36.93533333333333,
        41.626,
        47.7,
        50.18,
        57.443333333333335,
        65.0,
        68.66866666666667,
        65.46933333333334
      ]
    },
    "inventory_probs": {
      "\u0420\u0430\u0441\u0441\u0442\u043e\u044f\u043d\u0438\u0435 \u043e\u0442 \u0441\u0442\u0435\u043d\u044b = 0.5 \u043c": [
        1.0,
        1.0,
        1.0,
        1.0,
        1.0,
        1.0,
        1.0,
        1.0,
        1.0,
        1.0,
        1.0,
        1.0
      ]
    },
    "read_user_probs": {
      "\u0420\u0430\u0441\u0441\u0442\u043e\u044f\u043d\u0438\u0435 \u043e\u0442 \u0441\u0442\u0435\u043d\u044b = 0.5 \u043c": [
        0.7466666666666667,
        0.944,
        0.9886666666666667,
        0.996,
        0.9933333333333333,
        0.978,
        0.9053333333333333,
        0.6326666666666667,
        0.38466666666666666,
        0.23466666666666666,
        0.168,
        0.134
      ]
    },
    "times_count": {
      "\u0420\u0430\u0441\u0441\u0442\u043e\u044f\u043d\u0438\u0435 \u043e\u0442 \u0441\u0442\u0435\u043d\u044b = 0.5 \u043c": [
        0.12924658616795814,
        0.11235685876313514,
        0.10462433369777907,
        0.10716482196247715,
        0.11960724378014062,
        0.14903305201697384,
        0.2127967030921118,
        0.2710275306481472,
        0.2730489632607284,
        0.21726794208215588,
        0.20501825247921518,
        0.21055792015305755
      ]
    },
    "collision_counts": {
      "\u0420\u0430\u0441\u0441\u0442\u043e\u044f\u043d\u0438\u0435 \u043e\u0442 \u0441\u0442\u0435\u043d\u044b = 0.5 \u043c": [
        0.0,
        0.0,
        0.0,
        0.0,
        0.0,
        0.0,
        0.0,
        0.0,
        0.0,
        0.0,
        0.0,
        0.0
      ]
    },
    "execution_times": {
      "\u0420\u0430\u0441\u0441\u0442\u043e\u044f\u043d\u0438\u0435 \u043e\u0442 \u0441\u0442\u0435\u043d\u044b = 0.5 \u043c": [
        108.06846983300056,
        107.00497974996688,
        109.14011558296625,
        109.72993966704234,
        111.3604644999723,
        112.97248183301417,
        116.5337458330323,
        117.63023729098495,
        121.55489729199326,
        126.19210595800541,
        126.79419416602468,
        75.1337851670105
      ]
    }
  }
}