{
  "Input parameters list": [
    {
      "tari": 12.5,
      "encoding": "M2",
      "tid_word_size": 64,
      "num_tags": 1500,
      "speed": 25.0,
      "reader_offset": 2.0,
      "tag_offset": 2.0,
      "altitude": 1,
      "useadjust": false,
      "q": 0
    },
    {
      "tari": 12.5,
      "encoding": "M2",
      "tid_word_size": 64,
      "num_tags": 1500,
      "speed": 25.0,
      "reader_offset": 2.0,
      "tag_offset": 2.0,
      "altitude": 3,
      "useadjust": false,
      "q": 0
    },
    {
      "tari": 12.5,
      "encoding": "M2",
      "tid_word_size": 64,
      "num_tags": 1500,
      "speed": 25.0,
      "reader_offset": 2.0,
      "tag_offset": 2.0,
      "altitude": 5,
      "useadjust": false,
      "q": 0
    },
    {
      "tari": 12.5,
      "encoding": "M2",
      "tid_word_size": 64,
      "num_tags": 1500,
      "speed": 25.0,
      "reader_offset": 2.0,
      "tag_offset": 2.0,
      "altitude": 7,
      "useadjust": false,
      "q": 0
    }
  ],
  "Results": {
    "rounds_count": {
      "\u0412\u044b\u0441\u043e\u0442\u0430 \u043f\u043e\u043b\u0451\u0442\u0430 = 1 \u043c": [
        7.928,
        7.994666666666666,
        8.792,
        8.756,
        9.253333333333334,
        9.291333333333334,
        10.014666666666667,
        9.904,
        10.616,
        10.580666666666668,
        11.383333333333333,
        11.349333333333334,
        12.104666666666667,
        12.124,
        12.977333333333334,
        12.976,
        13.88,
        13.906,
        14.924666666666667,
        15.476,
        16.107333333333333,
        17.046,
        17.609333333333332,
        18.658,
        19.190666666666665,
        20.791333333333334
      ],
      "\u0412\u044b\u0441\u043e\u0442\u0430 \u043f\u043e\u043b\u0451\u0442\u0430 = 3 \u043c": [
        4.657333333333334,
        6.823333333333333,
        8.449333333333334,
        9.784,
        11.036,
        12.354666666666667,
        13.450666666666667,
        14.594666666666667,
        15.696666666666667,
        16.659333333333333,
        17.716666666666665,
        18.828,
        20.150666666666666,
        21.304,
        22.63533333333333,
        24.017333333333333,
        25.535333333333334,
        26.758,
        28.426666666666666,
        30.127333333333333,
        31.855333333333334,
        34.05466666666667,
        36.17933333333333,
        38.44866666666667,
        41.06666666666667,
        43.77133333333333
      ],
      "\u0412\u044b\u0441\u043e\u0442\u0430 \u043f\u043e\u043b\u0451\u0442\u0430 = 5 \u043c": [
        0.0,
        0.0,
        0.0,
        0.0,
        0.0,
        0.0,
        0.0,
        0.0,
        1.2846666666666666,
        10.352666666666666,
        15.958,
        19.52466666666667,
        22.715333333333334,
        25.719333333333335,
        28.294666666666668,
        31.278,
        33.73266666666667,
        36.514,
        39.35733333333334,
        41.943333333333335,
        45.662,
        49.379333333333335,
        66.09666666666666,
        94.93533333333333,
        125.58866666666667,
        158.908
      ],
      "\u0412\u044b\u0441\u043e\u0442\u0430 \u043f\u043e\u043b\u0451\u0442\u0430 = 7 \u043c": [
        0.0,
        0.0,
        0.0,
        0.0,
        0.0,
        0.0,
        0.0,
        0.0,
        0.0,
        0.0,
        0.0,
        0.0,
        0.0,
        0.0,
        0.654,
        28.708,
        37.45733333333333,
        45.81,
        53.01133333333333,
        58.19,
        63.006,
        67.83533333333334,
        87.65666666666667,
        132.212,
        181.56133333333332,
        230.57
      ]
    },
    "inventory_probs": {
      "\u0412\u044b\u0441\u043e\u0442\u0430 \u043f\u043e\u043b\u0451\u0442\u0430 = 1 \u043c": [
        1.0,
        1.0,
        1.0,
        1.0,
        1.0,
        1.0,
        1.0,
        1.0,
        1.0,
        1.0,
        1.0,
        1.0,
        1.0,
        1.0,
        1.0,
        1.0,
        1.0,
        1.0,
        1.0,
        1.0,
        1.0,
        1.0,
        1.0,
        1.0,
        1.0,
        1.0
      ],
      "\u0412\u044b\u0441\u043e\u0442\u0430 \u043f\u043e\u043b\u0451\u0442\u0430 = 3 \u043c": [
        0.9973333333333333,
        1.0,
        1.0,
        1.0,
        1.0,
        1.0,
        1.0,
        1.0,
        1.0,
        1.0,
        1.0,
        1.0,
        1.0,
        1.0,
        1.0,
        1.0,
        1.0,
        1.0,
        1.0,
        1.0,
        1.0,
        1.0,
        1.0,
        1.0,
        1.0,
        1.0
      ],
      "\u0412\u044b\u0441\u043e\u0442\u0430 \u043f\u043e\u043b\u0451\u0442\u0430 = 5 \u043c": [
        0.0,
        0.0,
        0.0,
        0.0,
        0.0,
        0.0,
        0.0,
        0.0,
        0.4086666666666667,
        1.0,
        1.0,
        1.0,
        1.0,
        1.0,
        1.0,
        1.0,
        1.0,
        1.0,
        1.0,
        1.0,
        1.0,
        1.0,
        1.0,
        1.0,
        1.0,
        1.0
      ],
      "\u0412\u044b\u0441\u043e\u0442\u0430 \u043f\u043e\u043b\u0451\u0442\u0430 = 7 \u043c": [
        0.0,
        0.0,
        0.0,
        0.0,
        0.0,
        0.0,
        0.0,
        0.0,
        0.0,
        0.0,
        0.0,
        0.0,
        0.0,
        0.0,
        0.244,
        0.9986666666666667,
        1.0,
        1.0,
        1.0,
        1.0,
        1.0,
        1.0,
        1.0,
        1.0,
        1.0,
        1.0
      ]
    },
    "read_user_probs": {
      "\u0412\u044b\u0441\u043e\u0442\u0430 \u043f\u043e\u043b\u0451\u0442\u0430 = 1 \u043c": [
        1.0,
        1.0,
        1.0,
        1.0,
        1.0,
        1.0,
        1.0,
        1.0,
        1.0,
        1.0,
        1.0,
        1.0,
        1.0,
        1.0,
        1.0,
        1.0,
        1.0,
        1.0,
        1.0,
        1.0,
        1.0,
        1.0,
        1.0,
        1.0,
        1.0,
        1.0
      ],
      "\u0412\u044b\u0441\u043e\u0442\u0430 \u043f\u043e\u043b\u0451\u0442\u0430 = 3 \u043c": [
        0.5646666666666667,
        0.7813333333333333,
        0.8706666666666667,
        0.9353333333333333,
        0.9626666666666667,
        0.9813333333333333,
        0.9873333333333333,
        0.994,
        0.9966666666666667,
        0.9966666666666667,
        1.0,
        0.9993333333333333,
        0.9993333333333333,
        0.9993333333333333,
        1.0,
        1.0,
        1.0,
        1.0,
        1.0,
        1.0,
        1.0,
        1.0,
        1.0,
        1.0,
        1.0,
        1.0
      ],
      "\u0412\u044b\u0441\u043e\u0442\u0430 \u043f\u043e\u043b\u0451\u0442\u0430 = 5 \u043c": [
        0.0,
        0.0,
        0.0,
        0.0,
        0.0,
        0.0,
        0.0,
        0.0,
        0.03333333333333333,
        0.174,
        0.28733333333333333,
        0.354,
        0.474,
        0.5633333333333334,
        0.6726666666666666,
        0.756,
        0.84,
        0.8726666666666667,
        0.924,
        0.9586666666666667,
        0.9766666666666667,
        0.986,
        0.9926666666666667,
        0.998,
        0.9993333333333333,
        1.0
      ],
      "\u0412\u044b\u0441\u043e\u0442\u0430 \u043f\u043e\u043b\u0451\u0442\u0430 = 7 \u043c": [
        0.0,
        0.0,
        0.0,
        0.0,
        0.0,
        0.0,
        0.0,
        0.0,
        0.0,
        0.0,
        0.0,
        0.0,
        0.0,
        0.0,
        0.002,
        0.03333333333333333,
        0.06066666666666667,
        0.08266666666666667,
        0.14266666666666666,
        0.19133333333333333,
        0.282,
        0.3473333333333333,
        0.4666666666666667,
        0.548,
        0.6333333333333333,
        0.7053333333333334
      ]
    },