{
  "Input parameters list": [
    {
      "tari": 18.75,
      "encoding": "FM0",
      "tid_word_size": 64,
      "power": 29.0,
      "num_tags": 150,
      "reader_offset": 2.0,
      "tag_offset": 2.0,
      "altitude": 4,
      "useadjust": false,
      "q": 0
    },
    {
      "tari": 12.5,
      "encoding": "M2",
      "tid_word_size": 64,
      "power": 29.0,
      "num_tags": 150,
      "reader_offset": 2.0,
      "tag_offset": 2.0,
      "altitude": 4,
      "useadjust": false,
      "q": 0
    },
    {
      "tari": 6.25,
      "encoding": "M4",
      "tid_word_size": 64,
      "power": 29.0,
      "num_tags": 150,
      "reader_offset": 2.0,
      "tag_offset": 2.0,
      "altitude": 4,
      "useadjust": false,
      "q": 0
    }
  ],
  "Results": {
    "rounds_count": {
      "M = FM0, Tari = 18.75 \u043c\u043a\u0441": [
        114.59333333333333,
        55.946666666666665,
        49.39333333333333,
        44.806666666666665,
        40.85333333333333,
        38.166666666666664,
        35.20666666666666,
        32.68,
        30.486666666666668,
        28.58,
        27.086666666666666,
        26.046666666666667,
        24.64666666666667,
        22.713333333333335,
        22.14,
        20.813333333333333,
        20.2,
        19.313333333333333,
        18.66,
        17.773333333333333,
        17.666666666666668
      ],
      "M = M2, Tari = 12.5 \u043c\u043a\u0441": [
        112.57333333333334,
        44.24,
        39.32666666666667,
        35.36666666666667,
        32.74,
        29.686666666666667,
        28.093333333333334,
        25.406666666666666,
        24.286666666666665,
        22.706666666666667,
        21.64666666666667,
        20.926666666666666,
        19.033333333333335,
        18.30666666666667,
        17.42,
        16.993333333333332,
        15.68,
        15.633333333333333,
        15.26,
        14.106666666666667,
        13.873333333333333
      ],
      "M = M4, Tari = 6.25 \u043c\u043a\u0441": [
        150.08666666666667,
        49.74,
        42.5,
        38.126666666666665,
        35.92,
        32.833333333333336,
        30.793333333333333,
        27.94,
        26.14666666666667,
        24.586666666666666,
        23.26,
        22.14,
        21.293333333333333,
        19.94,
        19.126666666666665,
        17.96,
        17.253333333333334,
        16.26,
        16.333333333333332,
        15.333333333333334,
        14.913333333333334
      ]
    },
    "inventory_probs": {
      "M = FM0, Tari = 18.75 \u043c\u043a\u0441": [
        1.0,
        1.0,
        1.0,
        1.0,
        1.0,
        1.0,
        1.0,
        1.0,
        1.0,
        1.0,
        1.0,
        1.0,
        1.0,
        1.0,
        1.0,
        1.0,
        1.0,
        1.0,
        1.0,
        1.0,
        1.0
      ],
      "M = M2, Tari = 12.5 \u043c\u043a\u0441": [
        1.0,
        1.0,
        1.0,
        1.0,
        1.0,
        1.0,
        1.0,
        1.0,
        1.0,
        1.0,
        1.0,
        1.0,
        1.0,
        1.0,
        1.0,
        1.0,
        1.0,
        1.0,
        1.0,
        1.0,
        1.0
      ],
      "M = M4, Tari = 6.25 \u043c\u043a\u0441": [
        1.0,
        1.0,
        1.0,
        1.0,
        1.0,
        1.0,
        1.0,
        1.0,
        1.0,
        1.0,
        1.0,
        1.0,
        1.0,
        1.0,
        1.0,
        1.0,
        1.0,
        1.0,
        1.0,
        1.0,
        1.0
      ]
    },
    "read_user_probs": {
      "M = FM0, Tari = 18.75 \u043c\u043a\u0441": [
        1.0,
        1.0,
        1.0,
        1.0,
        1.0,
        1.0,
        1.0,
        1.0,
        0.9866666666666667,
        1.0,
        0.9933333333333333,
        0.98,
        1.0,
        0.9866666666666667,
        0.9866666666666667,
        0.96,
        0.9533333333333334,
        0.98,
        0.9333333333333333,
        0.9733333333333334,
        0.9666666666666667
      ],
      "M = M2, Tari = 12.5 \u043c\u043a\u0441": [
        1.0,
        1.0,
        1.0,
        1.0,
        1.0,
        1.0,
        1.0,
        1.0,
        1.0,
        1.0,
        1.0,
        0.9866666666666667,
        1.0,
        0.9866666666666667,
        0.9866666666666667,
        0.98,
        0.9866666666666667,
        0.98,
        0.9866666666666667,
        0.9533333333333334,
        0.9666666666666667
      ],
      "M = M4, Tari = 6.25 \u043c\u043a\u0441": [
        1.0,
        1.0,
        1.0,
        1.0,
        1.0,
        1.0,
        1.0,
        1.0,
        0.9933333333333333,
        1.0,
        1.0,
        0.9933333333333333,
        0.9933333333333333,
        0.9933333333333333,
        1.0,
        0.9933333333333333,
        0.9933333333333333,
        0.9666666666666667,
        0.9533333333333334,
        0.98,
        0.9733333333333334
      ]
    },
    "times_count": {
      "M = FM0, Tari = 18.75 \u043c\u043a\u0441": [
        0.09933129966070593,
        0.09523564935382552,
        0.09432208244903821,
        0.09199737405123726,
        0.09005362213715809,
        0.0912104644908521,
        0.08587395518099998,
        0.08971831415549535,
        0.08822037646775471,
        0.0853385124611037,
        0.08292725176472107,
        0.07828381102920247,
        0.07963598744401655,
        0.07970083831555125,
        0.07767466367685996,
        0.07967645884991986,
        0.07974528582209581,
        0.07475705948641254,
        0.07483697197259098,
        0.0728303062551406,
        0.07702942707984567
      ],
      "M = M2, Tari = 12.5 \u043c\u043a\u0441": [
        0.09177142785597715,
        0.09158346175308474,
        0.09159888769047644,
        0.09141738851409423,
        0.08847960355759431,
        0.08787480182600213,
        0.08993145497433974,
        0.08346721931987001,
        0.08194592632467428,
        0.07986628830778382,
        0.08127760578325682,
        0.08121810731778478,
        0.07822276465163248,
        0.0766610870938576,
        0.08092781824016236,
        0.07952662187952686,
        0.0766876120761801,
        0.07179470280646184,
        0.07304478102463285,
        0.07355753606120545,
        0.07133930113366581
      ],
      "M = M4, Tari = 6.25 \u043c\u043a\u0441": [
        0.08686641483730777,
        0.08450164850353518,
        0.08299937887846345,
        0.08402281828380734,
        0.081972759921377,
        0.0812647506789909,
        0.08329468337363832,
        0.07860996783569266,
        0.07807455047775465,
        0.07849941176198824,
        0.07549432019244978,
        0.07471608425101776,
        0.07784526893195509,
        0.0749638397114598,
        0.07646832910182658,
        0.0691327459729659,
        0.07285455207088258,
        0.06882739944504922,
        0.06597230102221491,
        0.06831142582405003,
        0.06792271754337047
      ]
    },
    "collision_counts": {
      "M = FM0, Tari = 18.75 \u043c\u043a\u0441": [
        77.25333333333333,
        3.1866666666666665,
        0.0,
        0.0,
        0.0,
        0.0,
        0.0,
        0.0,
        0.0,
        0.0,
        0.0,
        0.0,
        0.0,
        0.0,
        0.0,
        0.0,
        0.0,
        0.0,
        0.0,
        0.0,
        0.0
      ],
      "M = M2, Tari = 12.5 \u043c\u043a\u0441": [
        82.34666666666666,
        2.7466666666666666,
        0.0,
        0.0,
        0.0,
        0.0,
        0.0,
        0.0,
        0.0,
        0.0,
        0.0,
        0.0,
        0.0,
        0.0,
        0.0,
        0.0,
        0.0,
        0.0,
        0.0,
        0.0,
        0.0
      ],