{
  "Input parameters list": [
    {
      "tari": 18.75,
      "encoding": "FM0",
      "tid_word_size": 64,
      "power": 29.0,
      "num_tags": 150,
      "reader_offset": 1.0,
      "tag_offset": 2.0,
      "altitude": 4,
      "useadjust": false,
      "q": 0
    },
    {
      "tari": 12.5,
      "encoding": "M2",
      "tid_word_size": 64,
      "power": 29.0,
      "num_tags": 150,
      "reader_offset": 1.0,
      "tag_offset": 2.0,
      "altitude": 4,
      "useadjust": false,
      "q": 0
    },
    {
      "tari": 6.25,
      "encoding": "M4",
      "tid_word_size": 64,
      "power": 29.0,
      "num_tags": 150,
      "reader_offset": 1.0,
      "tag_offset": 2.0,
      "altitude": 4,
      "useadjust": false,
      "q": 0
    }
  ],
  "Results": {
    "rounds_count": {
      "M = FM0, Tari = 18.75 \u043c\u043a\u0441": [
        86.46666666666667,
        56.07333333333333,
        50.2,
        46.38666666666666,
        42.27333333333333,
        38.89333333333333,
        35.77333333333333,
        33.626666666666665,
        31.86,
        29.74,
        28.44,
        26.546666666666667,
        24.52,
        23.52,
        22.74,
        21.093333333333334,
        20.526666666666667,
        19.46,
        19.28,
        17.873333333333335,
        17.473333333333333
      ],
      "M = M2, Tari = 12.5 \u043c\u043a\u0441": [
        75.29333333333334,
        43.88,
        40.333333333333336,
        36.20666666666666,
        33.74666666666667,
        30.426666666666666,
        27.7,
        26.446666666666665,
        24.753333333333334,
        23.18,
        22.34,
        21.26,
        19.513333333333332,
        19.086666666666666,
        17.966666666666665,
        16.633333333333333,
        16.44,
        15.9,
        14.8,
        13.986666666666666,
        14.04
      ],
      "M = M4, Tari = 6.25 \u043c\u043a\u0441": [
        98.54,
        48.25333333333333,
        43.81333333333333,
        39.77333333333333,
        35.92666666666667,
        33.74666666666667,
        31.14666666666667,
        29.64,
        27.88,
        26.006666666666668,
        24.213333333333335,
        22.82,
        21.593333333333334,
        20.566666666666666,
        20.433333333333334,
        18.246666666666666,
        18.22,
        16.966666666666665,
        17.086666666666666,
        15.92,
        15.106666666666667
      ]
    },
    "inventory_probs": {
      "M = FM0, Tari = 18.75 \u043c\u043a\u0441": [
        1.0,
        1.0,
        1.0,
        1.0,
        1.0,
        1.0,
        1.0,
        1.0,
        1.0,
        1.0,
        1.0,
        1.0,
        1.0,
        1.0,
        1.0,
        1.0,
        1.0,
        1.0,
        1.0,
        1.0,
        1.0
      ],
      "M = M2, Tari = 12.5 \u043c\u043a\u0441": [
        1.0,
        1.0,
        1.0,
        1.0,
        1.0,
        1.0,
        1.0,
        1.0,
        1.0,
        1.0,
        1.0,
        1.0,
        1.0,
        1.0,
        1.0,
        1.0,
        1.0,
        1.0,
        1.0,
        1.0,
        1.0
      ],
      "M = M4, Tari = 6.25 \u043c\u043a\u0441": [
        1.0,
        1.0,
        1.0,
        1.0,
        1.0,
        1.0,
        1.0,
        1.0,
        1.0,
        1.0,
        1.0,
        1.0,
        1.0,
        1.0,
        1.0,
        1.0,
        1.0,
        1.0,
        1.0,
        1.0,
        1.0
      ]
    },
    "read_user_probs": {
      "M = FM0, Tari = 18.75 \u043c\u043a\u0441": [
        1.0,
        0.9933333333333333,
        1.0,
        0.9933333333333333,
        1.0,
        1.0,
        0.9933333333333333,
        0.98,
        0.9866666666666667,
        0.9866666666666667,
        0.92,
        0.94,
        0.9466666666666667,
        0.9333333333333333,
        0.94,
        0.9,
        0.8866666666666667,
        0.8933333333333333,
        0.8933333333333333,
        0.84,
        0.8866666666666667
      ],
      "M = M2, Tari = 12.5 \u043c\u043a\u0441": [
        1.0,
        1.0,
        1.0,
        1.0,
        1.0,
        1.0,
        0.9933333333333333,
        0.98,
        0.9933333333333333,
        0.9666666666666667,
        0.9733333333333334,
        0.9266666666666666,
        0.9866666666666667,
        0.96,
        0.9466666666666667,
        0.96,
        0.8666666666666667,
        0.9266666666666666,
        0.88,
        0.9133333333333333,
        0.9066666666666666
      ],
      "M = M4, Tari = 6.25 \u043c\u043a\u0441": [
        1.0,
        1.0,
        1.0,
        1.0,
        1.0,
        0.9866666666666667,
        1.0,
        1.0,
        0.9866666666666667,
        0.9733333333333334,
        0.98,
        0.98,
        0.98,
        0.98,
        0.96,
        0.98,
        0.9333333333333333,
        0.9133333333333333,
        0.9466666666666667,
        0.9333333333333333,
        0.9266666666666666
      ]
    },
    "times_count": {
      "M = FM0, Tari = 18.75 \u043c\u043a\u0441": [
        0.12233343844436793,
        0.11548507221563682,
        0.1183580585644961,
        0.11674113212243674,
        0.11049018466639669,
        0.11158108307645674,
        0.11092063926127335,
        0.10925039723176815,
        0.1142836587747341,
        0.1045232174014485,
        0.11196151738312257,
        0.10445912831125424,
        0.09427200262173678,
        0.09514214834494449,
        0.09666375859008772,
        0.09640051990710415,
        0.09403976375055295,
        0.0901490384192921,
        0.08936329371086467,
        0.08635344383544999,
        0.08469533389651611
      ],
      "M = M2, Tari = 12.5 \u043c\u043a\u0441": [
        0.11300843737403267,
        0.11322795433659569,
        0.11296686274045842,
        0.10810497621832711,
        0.10332338592423712,
        0.10616513681967694,
        0.10575498403079923,
        0.10136143893735947,
        0.10584268033199551,
        0.10031016726075892,
        0.10014857293858931,
        0.09691997549999434,
        0.09631157265345638,
        0.09112670715834374,
        0.09141558707569385,
        0.08841696425699005,
        0.08792422902062379,
        0.08489327948906747,
        0.0849020081024312,
        0.07821398663290116,
        0.08114697686456335
      ],
      "M = M4, Tari = 6.25 \u043c\u043a\u0441": [
        0.10603940611662108,
        0.10352288701425046,
        0.09917081384607992,
        0.1051736802608541,
        0.10006853116130082,
        0.10066631029814074,
        0.10104340497069858,
        0.1015155233924344,
        0.10232674755280946,
        0.09454282039100854,
        0.09121242256105311,
        0.09416188506048664,
        0.09115376446846271,
        0.08832374315704707,
        0.0895669479556233,
        0.08284379447534632,
        0.08541430189999101,
        0.07970816962691132,
        0.08241599796784908,
        0.0830555047227193,
        0.07555511263820523
      ]
    },
    "collision_counts": {
      "M = FM0, Tari = 18.75 \u043c\u043a\u0441": [
        38.44,
        0.0,
        0.0,
        0.0,
        0.0,
        0.0,
        0.0,
        0.0,
        0.0,
        0.0,
        0.0,
        0.0,
        0.0,
        0.0,
        0.0,
        0.0,
        0.0,
        0.0,
        0.0,
        0.0,
        0.0
      ],
      "M = M2, Tari = 12.5 \u043c\u043a\u0441": [
        37.48,
        0.0,
        0.0,
        0.0,
        0.0,
        0.0,
        0.0,
        0.0,
        0.0,
        0.0,
        0.0,
        0.0,
        0.0,
        0.0,
        0.0,
        0.0,
        0.0,
        0.0,
        0.0,
        0.0,
        0.0
      ],
      "M = M4, Tari = 6.25 \u043c\u043a\u0441": [
        57.586666666666666,
        0.0,
        0.0,
        0.0,
        0.0,
        0.0,
        0.0,
        0.0,
        0.0,
        0.0,
        0.0,
        0.0,
        0.0,
        0.0,
        0.0,
        0.0,
        0.0,
        0.0,
        0.0,
        0.0,
        0.0
      ]
    },