{
  "Input parameters list": [
    {
      "tari": 12.5,
      "encoding": "M2",
      "tid_word_size": 64,
      "power": 29.0,
      "num_tags": 3000,
      "speed": 50.0,
      "reader_offset": 1.5,
      "altitude": 3,
      "useadjust": false,
      "q": 0
    },
    {
      "tari": 12.5,
      "encoding": "M2",
      "tid_word_size": 64,
      "power": 29.0,
      "num_tags": 3000,
      "speed": 50.0,
      "reader_offset": 1.5,
      "altitude": 4,
      "useadjust": false,
      "q": 0
    },
    {
      "tari": 12.5,
      "encoding": "M2",
      "tid_word_size": 64,
      "power": 29.0,
      "num_tags": 3000,
      "speed": 50.0,
      "reader_offset": 1.5,
      "altitude": 5,
      "useadjust": false,
      "q": 0
    }
  ],
  "Results": {
    "rounds_count": {
      "\u0412\u044b\u0441\u043e\u0442\u0430 = 3 \u043c": [
        17.487666666666666,
        16.625,
        16.479666666666667,
        16.245666666666665,
        16.432666666666666,
        16.242333333333335,
        16.254666666666665,
        16.038,
        16.001333333333335,
        15.578666666666667,
        15.543
      ],
      "\u0412\u044b\u0441\u043e\u0442\u0430 = 4 \u043c": [
        20.439333333333334,
        21.213,
        20.087333333333333,
        20.076333333333334,
        19.754666666666665,
        19.891,
        19.551333333333332,
        19.150666666666666,
        19.279666666666667,
        19.121666666666666,
        19.081
      ],
      "\u0412\u044b\u0441\u043e\u0442\u0430 = 5 \u043c": [
        26.141,
        25.125666666666667,
        24.407,
        23.592,
        23.709,
        23.555333333333333,
        23.008666666666667,
        22.717,
        22.682666666666666,
        22.88233333333333,
        22.705666666666666
      ]
    },
    "inventory_probs": {
      "\u0412\u044b\u0441\u043e\u0442\u0430 = 3 \u043c": [
        1.0,
        1.0,
        1.0,
        1.0,
        1.0,
        1.0,
        1.0,
        1.0,
        1.0,
        1.0,
        1.0
      ],
      "\u0412\u044b\u0441\u043e\u0442\u0430 = 4 \u043c": [
        1.0,
        1.0,
        1.0,
        1.0,
        1.0,
        1.0,
        1.0,
        1.0,
        1.0,
        1.0,
        1.0
      ],
      "\u0412\u044b\u0441\u043e\u0442\u0430 = 5 \u043c": [
        1.0,
        1.0,
        1.0,
        1.0,
        1.0,
        1.0,
        1.0,
        1.0,
        1.0,
        1.0,
        1.0
      ]
    },
    "read_user_probs": {
      "\u0412\u044b\u0441\u043e\u0442\u0430 = 3 \u043c": [
        0.9866666666666667,
        0.9946666666666667,
        0.9946666666666667,
        0.9996666666666667,
        0.9993333333333333,
        1.0,
        0.9983333333333333,
        0.999,
        0.9973333333333333,
        0.9923333333333333,
        0.9783333333333334
      ],
      "\u0412\u044b\u0441\u043e\u0442\u0430 = 4 \u043c": [
        0.9616666666666667,
        0.8943333333333333,
        0.9853333333333333,
        0.97,
        0.995,
        0.9893333333333333,
        0.993,
        0.9906666666666667,
        0.9716666666666667,
        0.9586666666666667,
        0.9036666666666666
      ],
      "\u0412\u044b\u0441\u043e\u0442\u0430 = 5 \u043c": [
        0.898,
        0.811,
        0.8666666666666667,
        0.9156666666666666,
        0.8493333333333334,
        0.918,
        0.8886666666666667,
        0.8506666666666667,
        0.8553333333333333,
        0.7636666666666667,
        0.6463333333333333
      ]
    },
    "times_count": {
      "\u0412\u044b\u0441\u043e\u0442\u0430 = 3 \u043c": [
        0.0755384063866067,
        0.06864851194280144,
        0.06281191332944447,
        0.058810823686581436,
        0.05765252222702788,
        0.056742697254034455,
        0.05733909125750139,
        0.058505841614943585,
        0.06235169891250727,
        0.06788733350421829,
        0.07839146195552277
      ],
      "\u0412\u044b\u0441\u043e\u0442\u0430 = 4 \u043c": [
        0.09018027849073389,
        0.09566714518667199,
        0.08597766622815237,
        0.08349736230513735,
        0.07873724158664756,
        0.0804209247012841,
        0.08004951574289544,
        0.08235681978409465,
        0.08867270633775245,
        0.09623982607824458,
        0.10861613767313923
      ],
      "\u0412\u044b\u0441\u043e\u0442\u0430 = 5 \u043c": [
        0.11796840543391583,
        0.12651746001500722,
        0.1330699542677599,
        0.11928636045291102,
        0.1216212563831291,
        0.12174374223924272,
        0.12090087426406627,
        0.12801347723828863,
        0.13088757603951973,
        0.13936354249463592,
        0.15076313340687003
      ]
    },
    "collision_counts": {
      "\u0412\u044b\u0441\u043e\u0442\u0430 = 3 \u043c": [
        0.0,
        0.0,
        0.0,
        0.0,
        0.0,
        0.0,
        0.0,
        0.0,
        0.0,
        0.0,
        0.0
      ],
      "\u0412\u044b\u0441\u043e\u0442\u0430 = 4 \u043c": [
        0.0,
        0.0,
        0.0,
        0.0,
        0.0,
        0.0,
        0.0,
        0.0,
        0.0,
        0.0,
        0.0
      ],
      "\u0412\u044b\u0441\u043e\u0442\u0430 = 5 \u043c": [
        0.0,
        0.0,
        0.0,
        0.0,
        0.0,
        0.0,
        0.0,
        0.0,
        0.0,
        0.0,
        0.0
      ]
    },
    "execution_times": {
      "\u0412\u044b\u0441\u043e\u0442\u0430 = 3 \u043c": [
        161.63729174999753,
        160.70384716702392,
        159.88559270801488,
        159.35029129200848,
        160.28526820795378,
        158.4977177500259,
        158.58322916703764,
        160.20741220901255,
        158.96836170798633,
        159.1171093750163,
        161.0719894169597
      ],
      "\u0412\u044b\u0441\u043e\u0442\u0430 = 4 \u043c": [
        162.65449770801933,
        163.04597645800095,
        160.2553483340307,
        159.65990054100985,
        161.43124529201305,
        160.8955264579854,
        161.90792220801814,
        161.00148341601016,
        161.7748800420086,
        159.79938062501606,
        160.60154470801353
      ],
      "\u0412\u044b\u0441\u043e\u0442\u0430 = 5 \u043c": [
        165.3222469590255,
        164.1382065830403,
        164.44392733299173,
        162.68365733296378,
        162.56762333295774,
        161.65031670796452,
        161.84986770898104,
        161.04376816697186,
        162.5037732089986,
        162.38396299997112,
        163.34193200001027
      ]
    }
  }
}