{
  "M = FM0, Tari = 6.25 \u043c\u043a\u0441": [
    0.0013333333333333333,
    0.021333333333333333,
    0.06133333333333333,
    0.08,
    0.11333333333333333,
    0.128,
    0.11733333333333333,
    0.13733333333333334,
    0.11066666666666666,
    0.10666666666666667,
    0.10933333333333334,
    0.11866666666666667,
    0.12,
    0.08666666666666667,
    0.08533333333333333,
    0.08,
    0.1,
    0.084,
    0.08,
    0.07066666666666667,
    0.05333333333333334,
    0.07466666666666667,
    0.064,
    0.07733333333333334,
    0.06,
    0.068,
    0.06666666666666667
  ],
  "M = FM0, Tari = 18.75 \u043c\u043a\u0441": [
    0.2906666666666667,
    0.49066666666666664,
    0.636,
    0.6613333333333333,
    0.704,
    0.6773333333333333,
    0.644,
    0.6306666666666667,
    0.6213333333333333,
    0.6266666666666667,
    0.568,
    0.5706666666666667,
    0.56,
    0.5173333333333333,
    0.5226666666666666,
    0.464,
    0.4706666666666667,
    0.4493333333333333,
    0.4666666666666667,
    0.4573333333333333,
    0.436,
    0.408,
    0.372,
    0.372,
    0.344,
    0.39466666666666667,
    0.34933333333333333
  ],
  "M = M2, Tari = 12.5 \u043c\u043a\u0441": [
    0.5333333333333333,
    0.7133333333333334,
    0.84,
    0.868,
    0.876,
    0.864,
    0.8573333333333333,
    0.84,
    0.7986666666666666,
    0.8026666666666666,
    0.7853333333333333,
    0.7293333333333333,
    0.7346666666666667,
    0.7186666666666667,
    0.7186666666666667,
    0.6573333333333333,
    0.692,
    0.6373333333333333,
    0.6546666666666666,
    0.6213333333333333,
    0.5906666666666667,
    0.6013333333333334,
    0.572,
    0.5773333333333334,
    0.5213333333333333,
    0.5333333333333333,
    0.5226666666666666
  ],
  "M = M4, Tari = 6.25 \u043c\u043a\u0441": [
    0.604,
    0.7613333333333333,
    0.8813333333333333,
    0.8986666666666666,
    0.9306666666666666,
    0.9226666666666666,
    0.8933333333333333,
    0.8946666666666667,
    0.868,
    0.844,
    0.832,
    0.8453333333333334,
    0.8,
    0.7853333333333333,
    0.7586666666666667,
    0.7226666666666667,
    0.7346666666666667,
    0.7373333333333333,
    0.7066666666666667,
    0.6973333333333334,
    0.704,
    0.6813333333333333,
    0.6453333333333333,
    0.6333333333333333,
    0.6306666666666667,
    0.6346666666666667,
    0.6173333333333333
  ],
  "M = M8, Tari = 25.0 \u043c\u043a\u0441": [
    0.9386666666666666,
    0.9506666666666667,
    0.9626666666666667,
    0.9773333333333334,
    0.972,
    0.9813333333333333,
    0.9746666666666667,
    0.9573333333333334,
    0.968,
    0.9493333333333334,
    0.916,
    0.9066666666666666,
    0.9253333333333333,
    0.904,
    0.872,
    0.8373333333333334,
    0.844,
    0.804,
    0.844,
    0.788,
    0.7493333333333333,
    0.6933333333333334,
    0.704,
    0.712,
    0.6973333333333334,
    0.6546666666666666,
    0.6306666666666667
  ]
}